County-State,Graduation-Rate
JOHNSTON-NC,0.8443229325166667
SHERIDAN-ND,0.9212962963
AVOYELLES PARISH-LA,0.6838289735083335
WADENA-MN,0.8465707554333335
BENTON-MS,0.7479217687083334
INYO-CA,0.610284242425
MORRIS-TX,0.8926598921166665
VICTORIA-TX,0.775797300575
RICH-UT,0.9631236559166666
MATHEWS-VA,0.9012500000000001
PRINCE WILLIAM-VA,0.8558276756285714
MINIDOKA-ID,0.7224473637333332
GALLATIN-MT,0.8276691072250001
MORGAN-WV,0.8975361552
CHICKASAW-IA,0.9133197523416666
SIOUX-IA,0.9102455403666666
MIAMI-OH,0.9196907974833334
OSCODA-MI,0.8133000644
COLES-IL,0.8784909680916666
FRANKLIN-ME,0.8586250401083334
KENT-MI,0.7834222250583333
ST. LOUIS CITY-MO,0.6371448656333333
CARTER-MT,0.82395
MITCHELL-GA,0.768830259925
MADISON-ID,0.9567012858916667
CATRON-NM,0.8841018145666667
REPUBLIC-KS,0.8746503546166666
MAYES-OK,0.8213615988999999
TALIAFERRO-GA,0.67275
COLUMBUS-NC,0.8094804171416667
CENTRE-PA,0.92863714955
HARTFORD-CT,0.8096183612333334
CALDWELL-TX,0.8733349578416667
EATON-MI,0.7928552543666666
PERRY-AR,0.881902500275
LAWRENCE-IN,0.8248638485749998
COLUMBIA-WA,0.8531803542499999
LANGLADE-WI,0.9105776148666668
FRANKLIN-KY,0.8258895265416668
CHEROKEE-SC,0.8035903028916667
SUMTER-SC,0.81586111715
MONROE-MI,0.8315964452083334
CARLTON-MN,0.8646505555833333
BEAVERHEAD-MT,0.8582162256000001
NORTHUMBERLAND-VA,0.8127634660428571
SURRY-VA,0.8389469696999999
VOLUSIA-FL,0.7053153254666666
STAUNTON CITY-VA,0.8050133535
GARZA-TX,0.789867620088889
LIPSCOMB-TX,0.9521136363625
WARREN-GA,0.7300283216833332
PIMA-AZ,0.7361407785749999
SMITH-KS,0.8705255102000001
WASHINGTON-ID,0.8915878509166667
WINSTON-MS,0.7428766149833333
LIMESTONE-AL,0.8536547769833335
SOUTHEAST FAIRBANKS-AK,0.5613436152000001
UNION-OH,0.8257916891333336
HOKE-NC,0.7488993352583333
LORAIN-OH,0.8379323673833333
WALLOWA-OR,0.91392234565
FAYETTE-TX,0.911921370425
NICHOLAS-WV,0.8408914171666667
HINSDALE-CO,0.85
CLAY-KS,0.8886538759750001
GREENUP-KY,0.9181086190083333
MCLEAN-ND,0.883331400675
TRAILL-ND,0.91029470355
WATONWAN-MN,0.85963887955
FRANKLIN-MS,0.78560761155
CROOK-OR,0.6445222222250001
MIDDLESEX-CT,0.9194090082833335
HIDALGO-TX,0.8220293710416668
CALLAWAY-MO,0.8548947007416667
LEWIS-NY,0.8650735748416668
WARREN-NY,0.8262848282250003
CLAY-NE,0.9045953255428572
CECIL-MD,0.843193048775
HARRISON-WV,0.8059246637583334
RITCHIE-WV,0.8510702380916667
WAYNE-WV,0.7939691358
CRAVEN-NC,0.8370141528916667
FAULKNER-AR,0.8786981087333333
BROWN-KS,0.8334587788727273
HAMILTON-NY,0.9371153845999999
COKE-TX,0.8365134408625
MIDDLESEX-VA,0.8486417112272728
ELBERT-GA,0.7274366479916666
GOODING-ID,0.7718140685000002
PONTOTOC-OK,0.8321065589000002
ADAMS-PA,0.893084323825
CHESTERFIELD-SC,0.8083932409083333
CLARENDON-SC,0.7912854036416669
POLK-TN,0.8688792264833333
ALAMANCE-NC,0.7879738015749999
AVERY-NC,0.8728647459416666
CARLISLE-KY,0.8845329279888889
DALLAS-AL,0.754788239375
TAYLOR-TX,0.8537424474666665
WINDHAM-VT,0.8243735946499999
CLARK-OH,0.81005117085
CHARLTON-GA,0.770726020375
FRANKLIN-WA,0.717213776375
CALUMET-WI,0.9472315414083332
KNOX-MO,0.9141957673166665
OREGON-MO,0.9331372641285715
GARFIELD-OK,0.8369610815666667
SHERMAN-OR,0.8221175438666667
RICHLAND-SC,0.6558414959583333
PHELPS-NE,0.92331774577
MADISON-IA,0.9576111523166665
PALO ALTO-IA,0.9360575980375001
POLK-IA,0.869821301675
CALHOUN-TX,0.9032314814833334
MITCHELL-TX,0.93704787785
ROBERTS-TX,0.945875
MEADE-KY,0.9220832414166668
KENNEBEC-ME,0.8370441865666667
SAN JUAN-UT,0.8511057585363637
LOUISA-VA,0.8633211610500001
LINCOLN-NC,0.8689886513166666
COLUMBIANA-OH,0.8487171598166667
VALLEY-ID,0.7963114167750001
HENDERSON-TN,0.9139403196166667
BOONE-IA,0.9079274949666666
MASON-WA,0.7377694883250001
FINNEY-KS,0.7651027453916668
HART-GA,0.80705589625
MERCER-PA,0.8959142475833334
LOS ALAMOS-NM,0.875465189875
SIERRA-NM,0.7185120772916666
MILAM-TX,0.9049897619
WALKER-AL,0.810418303575
CAROLINE-VA,0.7993553459083333
LUNENBURG-VA,0.7640221519
LIBERTY-MT,0.895525
ROGERS-OK,0.8336388383166664
GREENE-PA,0.8356548939
LA SALLE PARISH-LA,0.8404804625166667
CHIPPEWA-MI,0.7734393338166666
CLARE-MI,0.7891572225333333
GREENE-NC,0.8288347803249998
STOKES-NC,0.8473886497
LOGAN-OH,0.9289636005749999
PERRY-TN,0.9137986891333333
MILLER-AR,0.80148274025
SHASTA-CA,0.8675600634333333
MANISTEE-MI,0.7156730055833332
LAMAR-MS,0.8431285827333334
WHITE-TN,0.8814308681416668
FLOYD-VA,0.8850490196083335
CAMDEN-GA,0.8199445362583334
ROCKDALE-GA,0.7576208272999999
FREMONT-ID,0.7967732112916667
CLARK-KS,0.8895884058
BEAUREGARD PARISH-LA,0.8819064953583332
HENNEPIN-MN,0.7283627899833333
MARTIN-MN,0.8511216444583334
WASHINGTON-MN,0.899046368
BULLOCH-GA,0.7677037169166666
CHIPPEWA-WI,0.9006850863916668
SAN JUAN-NM,0.6747336439249999
CASS-IA,0.90217543865
HARRISON-TX,0.8959888437333335
DENVER-CO,0.5833610317416666
THROCKMORTON-TX,0.9559959677375001
BENTON-TN,0.8682718875499998
DEUEL-NE,0.8870231155166667
RICHARDSON-NE,0.88096567083
PIKE-MS,0.7122554163250001
BARRY-MO,0.8944394051000001
TOM GREEN-TX,0.8611233616666668
EDGECOMBE-NC,0.7705665545416666
WAYNE-NC,0.7998466649083332
OCEANA-MI,0.7899410989916665
DOUGLAS-MN,0.841404980525
DUNN-ND,0.93801426425
LAMOURE-ND,0.9647693236750001
COVINGTON-MS,0.7046280193250002
JEROME-ID,0.7936375646083332
BRANTLEY-GA,0.7127831619333332
BROWARD-FL,0.7486096199166666
ALLEGHENY-PA,0.8755639480583333
COLUMBIA-PA,0.8538789532833334
INDIANA-PA,0.9224322239
SALINE-KS,0.842595143325
CLARK-KY,0.8829252498
JEFFERSON-KY,0.7799044871583334
CONCORDIA PARISH-LA,0.7347335349666667
HAMPDEN-MA,0.7516751511750001
GILES-TN,0.8426738918583333
SOMERSET-NJ,0.9311446148583333
ADAIR-MO,0.902590569825
GILLIAM-OR,0.8493500821000001
HALE-AL,0.7759091500249999
MATANUSKA-SUSITNA BOROUGH-AK,0.7646547853142857
WOODRUFF-AR,0.8780695225833334
CROCKETT-TX,0.9068030821874999
LEWIS-MO,0.9203473988
NORTHAMPTON-PA,0.8560092462416667
ARANSAS-TX,0.8711772300499999
ALEUTIANS EAST BOROUGH-AK,0.7469215501166667
WADE HAMPTON CENSUS AREA-AK,0.48612312577499994
SEVIER-AR,0.8681021747833334
ATLANTIC-NJ,0.8722805035583332
DELAWARE-NY,0.8466145622416666
HILLSBOROUGH-FL,0.7576716784833333
PIERCE-GA,0.8379644365750002
PRESQUE ISLE-MI,0.8524834568666666
WASHINGTON-NC,0.8037592592583334
CARTER-KY,0.9115917158583334
POWELL-KY,0.8791481823833331
BLECKLEY-GA,0.8132169835750002
CLINCH-GA,0.829690813975
JASPER-GA,0.7407720214250001
ZAPATA-TX,0.8617471264333334
MARTIN-NC,0.7511075647333332
PIKE-PA,0.9213082847666666
HUGHES-SD,0.8436111195583335
GREENE-TN,0.9173771702083334
TROUSDALE-TN,0.9432838061499998
ROSEAU-MN,0.9034490512666666
JEFFERSON-AL,0.7859602093750001
COCHISE-AZ,0.8123317103833333
SEBASTIAN-AR,0.8347567143583335
DOUGLAS-MO,0.9350919037333334
STE. GENEVIEVE COUNT-MO,0.9099999999999999
DE KALB-IN,0.8896820060583335
MONTGOMERY-IN,0.9283884105666668
BAY-FL,0.7374767426333335
GILPIN-CO,0.7996725340999999
OZARK-MO,0.9080271011166667
STARK-ND,0.8962242000083332
ASHLAND-OH,0.9040318278583334
WAYNE-OH,0.9017173394166668
CIMARRON-OK,0.9791666666666666
LYCOMING-PA,0.8546954790833333
CHEATHAM-TN,0.8452854432416669
JENNINGS-IN,0.828561190475
BIBB-AL,0.76609255155
SALINE-AR,0.8599692088916667
LAPEER-MI,0.8629851521916668
WASHTENAW-MI,0.8491701405083333
JEFFERSON-NE,0.9134154774599998
SULLIVAN-NH,0.8443675064666668
SUMNER-KS,0.8910367963333335
CHERRY-NE,0.9274448303166666
SHELBY-KY,0.8723774837666666
BRAXTON-WV,0.8354601010083332
GILMER-WV,0.9015759259249999
EAU CLAIRE-WI,0.8923359497583334
SPALDING-GA,0.6727117054083332
CATAWBA-NC,0.8789689232416666
OSAGE-OK,0.5639840835666666
CUMBERLAND-TN,0.8769157848416667
COLUMBIA-AR,0.8687641549583333
ALAMOSA-CO,0.7758807684333333
LAFAYETTE-FL,0.8067205882416667
MARINETTE-WI,0.9025919971416666
HEMPHILL-TX,0.86234805195
STRAFFORD-NH,0.838899002975
WALDO-ME,0.8492238631500001
GRANT PARISH-LA,0.778777472525
NEW CASTLE-DE,0.8050613627000001
SARASOTA-FL,0.7927259186833334
CHARLES CITY-VA,0.8260134680111111
FRANKLIN-OH,0.7437953075083333
CANYON-ID,0.7362874251416667
MOBILE-AL,0.7381498055333333
DALLAS-AR,0.8780724637727274
GARLAND-AR,0.7999863106083334
DELTA-TX,0.93873513514
MAVERICK-TX,0.8357211934166667
KALKASKA-MI,0.7451924050083333
LENAWEE-MI,0.8413700730916666
MIDLAND-MI,0.8601911422583334
MAHNOMEN-MN,0.6068123354777778
WARREN-MS,0.6111267071333333
CLAY-WV,0.8259081655499999
HAMPSHIRE-WV,0.8080995255
DODGE-WI,0.9193185859916667
LA CROSSE-WI,0.9308178089333333
LOUISA-IA,0.8511411529333333
KENTON-KY,0.8766374331750001
RED RIVER PARISH-LA,0.718787356325
STUTSMAN-ND,0.8375957378333334
COSHOCTON-OH,0.9037611407583334
NEW YORK-NY,0.6969234090099999
SAN LUIS OBISPO-CA,0.8942294666
RUSH-KS,0.8816177777800001
ANDERSON-TX,0.9050384572083333
BANDERA-TX,0.8789077723249998
PHELPS-MO,0.8541063258916665
YANKTON-SD,0.9383650731916666
BRADLEY-TN,0.852357685025
HUMPHREYS-TN,0.8938603672333333
CLARK-IN,0.8674782918583333
BOONE-AR,0.8648547891583335
ERIE-OH,0.8474066592416666
ST. CLAIR-MI,0.8048033793833334
ALEXANDER-IL,0.7752128138
GRAND-CO,0.8657035136166665
TIOGA-PA,0.8564392986500001
JEFFERSON-OH,0.9007287477
KEYA PAHA-NE,0.923
CARSON CITY-NV,0.6678876482416668
CEDAR-NE,0.9052058464166667
EDMUNDS-SD,0.9011425576500001
DANE-WI,0.8782365985416667
TERRELL-TX,0.926625
MCDOWELL-NC,0.7956116612416668
WILKES-NC,0.8403414777333335
GUERNSEY-OH,0.8433892617666667
HODGEMAN-KS,0.927
CULBERSON-TX,0.8853173076874999
HOT SPRING-AR,0.8653115860999999
GLENN-CA,0.832207112175
CHATTOOGA-GA,0.7816773911833331
RENSSELAER-NY,0.8276795111583333
GUADALUPE-NM,0.8156978429
WISE-TX,0.9351991378833334
WISE-VA,0.8603411949666667
STANLY-NC,0.8397133708500001
CHATHAM-GA,0.7012954019333333
WASHINGTON-GA,0.8124040509666668
WELLS-IN,0.9231517304333333
WAYNE-PA,0.9066939612166668
ST. LAWRENCE-NY,0.7915853875583333
HITCHCOCK-NE,0.8151135802499999
PERSHING-NV,0.85335185185
PAGE-IA,0.8835860521666666
RAWLINS-KS,0.9242000000000001
TENSAS PARISH-LA,0.6780915492999999
GRAYS HARBOR-WA,0.7526696636916669
SAUK-WI,0.9157946296833331
STARR-TX,0.8577302368416667
OKEECHOBEE-FL,0.6468934061916667
PINELLAS-FL,0.7257049028666667
REYNOLDS-MO,0.8792189685
CUMING-NE,0.9369332743300001
HUNTINGTON-IN,0.8693249311583332
MARSHALL-IN,0.8668400702333332
DELAWARE-IA,0.9656897313583332
MC KEAN-PA,0.8997693246083333
ANDERSON-TN,0.8814523518833335
LEWIS-TN,0.8558474400833335
CASS-IL,0.8278991983666667
TAYLOR-WV,0.8131527923249999
WICHITA-TX,0.9159915293499999
SABINE PARISH-LA,0.8201054884166665
MITCHELL-NC,0.8102902298833334
OSBORNE-KS,0.8835650793666666
HOONAH-ANGOON CENSUS AREA-AK,0.8181818182
HASKELL-TX,0.9244539473625
DAVIESS-IN,0.8794396479083333
MERCER-KY,0.9205039438083333
BENT-CO,0.7940249677285715
BARTOW-GA,0.7484100888083334
PALO PINTO-TX,0.8801496433666669
CHARLEVOIX-MI,0.8152169800416668
HUBBARD-MN,0.7841420090583334
SHERIDAN-MT,0.9547277777833333
BALDWIN-AL,0.7837223794999999
MURRAY-OK,0.83084886395
COBB-GA,0.7890008152333333
BANNOCK-ID,0.8847254588333332
NYE-NV,0.6954865202666666
STOREY-NV,0.8800119047666666
GLOUCESTER-NJ,0.9068602221000001
RIO ARRIBA-NM,0.6454153265083334
KINGS-NY,0.68388204561
MERCER-ND,0.8834009399799999
EAST FELICIANA PARISH-LA,0.7463312401857143
EVANS-GA,0.7209746343916664
SUSSEX-VA,0.7824225589249999
PORTAGE-OH,0.9000164268749998
SCIOTO-OH,0.89118966855
MINNEHAHA-SD,0.839218351625
STONE-MS,0.7778650793666668
HENRY-MO,0.8529198229916667
MORGAN-MO,0.9224071948499999
BLOUNT-AL,0.8460071149833334
COTTONWOOD-MN,0.89688673915
SAN JUAN-CO,0.7
HOUSTON-TX,0.9046322378499999
NIOBRARA-WY,0.56638865205
LINN-IA,0.8741965264083333
LABETTE-KS,0.8966462270333332
STEVENS-KS,0.865432030625
GALLATIN-KY,0.8618733248833333
NESS-KS,0.9214942029
SUWANNEE-FL,0.6948810768249999
MOWER-MN,0.7826143673333332
APACHE-AZ,0.6813183560583332
HOWARD-AR,0.9187528209833333
MORGAN-OH,0.8523426573454546
PREBLE-OH,0.8880951832083334
CHEROKEE-GA,0.7961273043583333
BALLARD-KY,0.9145324064250002
CUYAHOGA-OH,0.7589189633333332
ABBEVILLE-SC,0.828945965325
MARSHALL-TN,0.8913779091833334
BAYFIELD-WI,0.8986505821285713
TATTNALL-GA,0.6963941804583333
ORANGE-VT,0.8565459256416667
MONTGOMERY-VA,0.8520644044333334
BELMONT-OH,0.8940336489916666
ERIE-PA,0.8564646525833334
LAKE-OR,0.7943751915625
FAYETTE-TN,0.8179498179750001
LINN-MO,0.9116979910499999
PULASKI-MO,0.8845780468583334
JEFFERSON-MS,0.7731999999999999
PUTNAM-IL,0.8608370615833335
FLOYD-IA,0.9153265846499999
SUSSEX-DE,0.8234250087
DISTRICT OF COLUMBIA-DC,0.64773648736
CITRUS-FL,0.7695016102999999
MADISON-NE,0.8623403544166667
CHENANGO-NY,0.8269018274
ONEIDA-NY,0.8117008599333334
LEWIS-WA,0.7964294147416667
WOOD-WI,0.9423230578833333
SWEETWATER-WY,0.7847431417083333
DORCHESTER-MD,0.8083434793583334
POTTAWATTAMIE-IA,0.8456872516666668
CLARK-SD,0.9245974868500001
CLATSOP-OR,0.7034983097749999
MONONA-IA,0.8771754668
GRAVES-KY,0.9004490142916666
DALE-AL,0.8053763192416666
BETHEL CENSUS AREA-AK,0.488832052425
WALLER-TX,0.9066749367749999
CLAY-FL,0.8113291263583333
ELLIS-OK,0.9200271247666666
JEFFERSON DAVIS PARI-LA,0.8719999999999999
ST. HELENA PARISH-LA,0.6264087301583333
BUNCOMBE-NC,0.82171271835
STEUBEN-NY,0.843800257475
PERRY-MS,0.7054841706416668
LAMB-TX,0.8843662522750001
WINNEBAGO-WI,0.8985783961166666
COTTON-OK,0.8870912636625
CLEARFIELD-PA,0.8642402486833333
ST. BERNARD PARISH-LA,0.7253802681999999
WARREN-NJ,0.9300315033
PARMER-TX,0.9216096558833334
OAKLAND-MI,0.83338486795
DANVILLE CITY-VA,0.7146422764250001
HEARD-GA,0.8215144137
BUREAU-IL,0.8432989005416666
GOLDEN VALLEY-MT,0.9220388888833334
CALHOUN-AR,0.8592848158285714
WRANGELL-PETERSBURG CENSUS AREA-AK,0.813676927075
NEWPORT-RI,0.85035834465
GRAINGER-TN,0.8941592081416668
YORK-PA,0.8644091653333331
MINER-SD,0.9582642642666667
WALTHALL-MS,0.7592386561916666
BANNER-NE,0.912875
CLARK-IL,0.8782995049499999
CRAWFORD-IL,0.8558163314999999
MARSHALL-IL,0.8676672104181818
CAPE MAY-NJ,0.9070057135833333
MERRICK-NE,0.9099786290285714
HARRISON-IA,0.93293070316
YAVAPAI-AZ,0.7759785746666665
BRADLEY-AR,0.8461239588583335
HEMPSTEAD-AR,0.8059864696666666
DUPLIN-NC,0.7774320892666666
BOONE-WV,0.8081476334333333
LARAMIE-WY,0.7431872702083333
DAGGETT-UT,1.0
KETCHIKAN GATEWAY BO-AK,0.752
UNICOI-TN,0.8949547531916665
FOSTER-ND,0.8699848485
MILLER-GA,0.7829227492272728
FREDERICK-VA,0.8469677990166667
MARION-OR,0.7202603349416666
OVERTON-TN,0.859858768825
GRAND TRAVERSE-MI,0.8656254264
SWIFT-MN,0.8946212153727271
JEFFERSON-FL,0.4762850498400001
METCALFE-KY,0.8341629032083332
UNION PARISH-LA,0.6622355939416665
WINN PARISH-LA,0.7591761168416666
GARRETT-MD,0.9062612288166667
BAILEY-TX,0.9341649831666666
DIMMIT-TX,0.7934166666666668
JEFFERSON-TX,0.8342712258249998
STORY-IA,0.9459981869916668
SHARP-AR,0.9015278411916667
HANCOCK-IL,0.8377195501666664
RANDOLPH-IL,0.8624778922749998
PERKINS-SD,0.8588153265666666
LUCE-MI,0.8494482730499999
PINE-MN,0.8131418472749999
COFFEE-GA,0.7185397109166668
HARALSON-GA,0.79197527485
MCINTOSH-GA,0.7416374968166668
DEARBORN-IN,0.9055802003749999
GIBSON-IN,0.8928332442750002
PUTNAM-IN,0.8686093112583334
HENRY-KY,0.8875618495750001
CATAHOULA PARISH-LA,0.7048035714249999
ROWAN-NC,0.810281571575
WASHINGTON-KS,0.9314960784333334
JEFFERSON-CO,0.8128311145000001
HOLMES-FL,0.73956119545
ST. JOHNS-FL,0.8725047927166666
JOHNSON-MO,0.9017493114583335
VAN ZANDT-TX,0.8987505368750001
DUPAGE-IL,0.9361722452166666
ALGER-MI,0.8245990355
BELTRAMI-MN,0.6473183680500001
BUFFALO-NE,0.8720507874916668
MARTIN-IN,0.855748007
KENAI PENINSULA BOROUGH-AK,0.7846545939714286
KNOX-NE,0.9516838720500002
SEVIER-UT,0.8181297046909091
DECATUR-GA,0.7567717661916668
DONIPHAN-KS,0.8124252892599999
LYON-KS,0.833299255975
HART-KY,0.8785721395666667
RACINE-WI,0.7831214154416667
ALEXANDER-NC,0.8249900435833334
ALCONA-MI,0.8473028695363635
HAMILTON-TN,0.8031768954999999
KENDALL-IL,0.9389816013083334
GEARY-KS,0.7452454402500002
RENO-KS,0.8560783681416667
DELAWARE-PA,0.8464737661916667
IRON-WI,0.9299356158000001
BRISTOL BAY BOROUGH-AK,0.8082291635000001
CARROLL-GA,0.7766378237416668
MIDDLESEX-NJ,0.8936448901499999
CARTERET-NC,0.8250226268166667
LAKE-CA,0.7991536672
BARROW-GA,0.7229832420333334
ANDREWS-TX,0.9043472222249999
DONLEY-TX,0.9229999999999998
RUSSELL-AL,0.744924718875
WINSTON-AL,0.8647503336916667
KODIAK ISLAND BOROUG-AK,0.841
SANTA CRUZ-AZ,0.8290531571
ANNE ARUNDEL-MD,0.8502812334666667
SAGINAW-MI,0.7588679807416666
MONROE-MS,0.7762117727333333
RUSH-IN,0.922527755875
IRON-UT,0.8559879484000003
BENNINGTON-VT,0.8087644392166666
SANTA BARBARA-CA,0.8504239734583333
LAUDERDALE-MS,0.7147414697083333
JASPER-TX,0.8992032469416665
REAGAN-TX,0.8675073529375
JOHNSON-AR,0.8679588715749998
SALEM CITY-VA,0.8871830117916666
GARVIN-OK,0.8297463634250001
OKLAHOMA-OK,0.7577492959583334
LEHIGH-PA,0.8422051723583334
HANSON-SD,0.9559425384666667
EDDY-ND,0.8586666666666667
CAPE GIRARDEAU-MO,0.8632368958714286
GRANITE-MT,0.8772774509833333
HENDRICKS-IN,0.9459976258333332
FAIRFAX CITY-VA,0.8653791821666666
SEDGWICK-CO,0.433942413075
GLADES-FL,0.63366691382
LEE-TX,0.9104244870999999
LIVINGSTON-KY,0.9381293189166667
OUACHITA PARISH-LA,0.7440225475083334
TOMPKINS-NY,0.8175221855
CARROLL-IA,0.9300978712166666
HANCOCK-IA,0.9397638498083335
WEST BATON ROUGE PARISH-LA,0.7188342421
GRANT-WV,0.8836882629083332
SOMERSET-PA,0.9265342258833335
KANKAKEE-IL,0.8366119190000001
WAYNE-IL,0.8346033218916666
LINCOLN-OK,0.860701041
JACKSON-NC,0.8393856088583335
MOUNTRAIL-ND,0.7138012383800001
WILLIAMSBURG CITY-VA,0.8825555555555556
HARDEMAN-TN,0.8171843158833334
COLLIN-TX,0.94873761635
STEVENS-WA,0.7791264720363636
CALHOUN-IL,0.9242488448714286
JACKSON-IN,0.902178839075
CASS-MO,0.9003725134833332
BLAINE-OK,0.8439039934333334
HASKELL-OK,0.8223586905583334
NOBLE-OK,0.8559444091916668
GRANT-OR,0.8002893436999999
GOODHUE-MN,0.8631692183333333
MENARD-TX,0.9551428571375
HARPER-KS,0.7990607922666666
PAWNEE-KS,0.8391367762799999
BEDFORD-VA,0.8653408577888889
KING AND QUEEN COUNT-VA,0.75
MCCONE-MT,0.89435
CONEJOS-CO,0.8746297586916666
CASS-ND,0.8690059265083333
HENRY-OH,0.9313273256166666
MCLEOD-MN,0.8596973739666667
MILLE LACS-MN,0.8243203219250002
PICKENS-GA,0.8403691094416667
LAFAYETTE-MO,0.9191655598083331
PHILLIPS-MT,0.9069931694000001
LAKE-TN,0.82983969585
KIMBLE-TX,0.9155833333375001
CORTLAND-NY,0.8073248199416668
GALAX CITY-VA,0.8445939716333334
WALLACE-KS,0.96286
MARLBORO-SC,0.7194603772999999
UNION-TN,0.8140235938416667
FORSYTH-GA,0.8908931096333332
GRADY-GA,0.7714698849833334
TURNER-GA,0.7460478677666665
CUSTER-ID,0.8483768347875
GREENLEE-AZ,0.8386440703583333
OZAUKEE-WI,0.966916833875
TETON-WY,0.9006544055333334
PLACER-CA,0.8979678237666667
GILCHRIST-FL,0.8118178276416668
POQUOSON CITY-VA,0.9369761904750001
WASHINGTON-CO,0.8860384405333334
CASTRO-TX,0.9145401688666667
EASTLAND-TX,0.905773061633333
ROOKS-KS,0.9070961240333334
ESMERALDA-NV,0.949
HALL-NE,0.8622017186333334
KEARNEY-NE,0.9469096773714286
SCOTTS BLUFF-NE,0.8549464861833332
MARION-GA,0.8045224177666667
CLEARWATER-ID,0.8012775094833334
CHATHAM-NC,0.8272349857333333
CHARLES MIX-SD,0.7940718752333334
HICKMAN-TN,0.8799694253916668
PRAIRIE-MT,0.9097166666666666
JOHNSON-IL,0.88892971745
BARTHOLOMEW-IN,0.8428889316916667
BENTON-IN,0.9218524748916667
FAYETTE-IN,0.8404808579249999
ST. JOSEPH-IN,0.8197524414083334
ARAPAHOE-CO,0.7636842814416666
APPOMATTOX-VA,0.8215049019583333
FRANKLIN CITY-VA,0.7658749999999999
WAUKESHA-WI,0.9484245375583334
SUMNER-TN,0.8927065526166666
GREEN-KY,0.9438611179083333
SAGADAHOC-ME,0.8409189806583331
WEXFORD-MI,0.7948206264083334
LINCOLN-MO,0.8953311410666668
ARMSTRONG-TX,0.9457499999999999
WILLACY-TX,0.8506727002083334
LICKING-OH,0.8713412022666667
LAKE OF THE WOODS-MN,0.89572787115
CROSS-AR,0.8688980673333333
CRITTENDEN-KY,0.8134329849833334
HAMILTON-KS,0.9266996123999999
CRITTENDEN-AR,0.7952502466999999
STILLWATER-MT,0.8643904762000001
LANCASTER-NE,0.8394504792333334
MONTGOMERY-NC,0.8271686061166666
PERSON-NC,0.7922079944749999
KINGFISHER-OK,0.92531953585
COOS-OR,0.6243000639749999
MONTGOMERY-PA,0.9049580598250001
COLEMAN-TX,0.9027986742500002
HARTLEY-TX,0.9114230769250001
CHITTENDEN-VT,0.8912230915749998
SCOTT-VA,0.8755065947249999
ADAMS-WA,0.7853549323249999
LOGAN-WV,0.83193507795
COLUMBIA-WI,0.9138241736416668
SHEBOYGAN-WI,0.9215492519833334
FRANKLIN-IN,0.9147397954500001
WASHINGTON-IA,0.8871587561833333
RILEY-KS,0.8200246694833334
CUMBERLAND-KY,0.8750435705499999
AITKIN-MN,0.8632843251000001
GREENWOOD-KS,0.9156748227000001
BOURBON-KY,0.8722402431333335
MONTCALM-MI,0.840709646775
WILCOX-AL,0.7843524296250001
JUNEAU BOROUGH-AK,0.7482317550416667
DOUGLAS-WI,0.8851083871166665
STEPHENS-GA,0.8204398015166667
TERRELL-GA,0.7995748813750002
TEXAS-OK,0.7246836643416664
WOODS-OK,0.8408390939333333
MONROE-IN,0.8870857665083335
PIKE-IN,0.91334541945
POTTER-TX,0.8333010649166667
ROCK-NE,0.9853000000000001
WESTON-WY,0.8462578879
NAPA-CA,0.8438876574916668
SAN LUIS OBISPO COUN-CA,0.91785790274
WAPELLO-IA,0.8546273707750002
LAWRENCE-AL,0.8454015356916665
BLAND-VA,0.8823226495749998
JAMES CITY-VA,0.8655172413857143
POWDER RIVER-MT,0.962642105275
CASS-NE,0.9321074403333333
PICKETT-TN,0.8666121408285713
HENDERSON-TX,0.9184126616666665
KARNES-TX,0.9069548157636362
LIMESTONE-TX,0.8811665815083333
NOLAN-TX,0.8750663220083333
STEWART-TN,0.9453907407499997
SCHUYLER-IL,0.8842959183700001
PERRY-OH,0.8627160471750001
MCCURTAIN-OK,0.8548192398083332
BAKER-OR,0.6902547756583332
FARIBAULT-MN,0.8405929142
OLMSTED-MN,0.8321011005666668
SOMERSET-MD,0.804422959225
FREMONT-IA,0.8951083162166666
SULLIVAN-PA,0.8648069259571428
GARFIELD-CO,0.7708121461583334
TAYLOR-FL,0.673789631
MARION-IL,0.8096792373749998
MASON-IL,0.8338216733416668
WILL-IL,0.8833322255916669
CEDAR-IA,0.9261713540454545
ADAIR-OK,0.7815500204749998
JACKSON-KY,0.8296259110333334
MACON-NC,0.8635419493416666
MADISON-NC,0.8141550752916666
MERCER-NJ,0.86454201345
MCCORMICK-SC,0.7891200190444445
KERR-TX,0.8753811988416668
OCHILTREE-TX,0.940220043575
GLADWIN-MI,0.8135199197999999
MECOSTA-MI,0.7758830491666666
TUNICA-MS,0.674006235825
SPINK-SD,0.88029149525
SPOTSYLVANIA-VA,0.8564967855083333
WARREN-VA,0.8761323529416668
WASHINGTON-VA,0.8825275504666666
LIVINGSTON PARISH-LA,0.7997948381416666
POLK-OR,0.70825245875
GREEN-WI,0.9124833768833334
CROCKETT-TN,0.9168131433416667
RENVILLE-ND,0.860916666675
HAAKON-SD,0.95664285715
BOX BUTTE-NE,0.8408637539666667
KENOSHA-WI,0.8587919660833334
TELLER-CO,0.8057443915999999
DODGE-GA,0.785901365875
JEFFERSON-GA,0.7737816297749999
BRECKINRIDGE-KY,0.9082411599749999
VERNON PARISH-LA,0.8276647286833333
SWAIN-NC,0.7813269003833332
PONTOTOC-MS,0.80389591455
FRANKLIN-VT,0.8845208795416668
AMHERST-VA,0.8621964117083333
CHESTERFIELD-VA,0.8741400876999998
PRINCE WILLIAM COUNT-VA,0.8480000000000001
GRAND TRAVERSE COUNT-MI,0.8071755412
LA SALLE-IL,0.844070259575
LEXINGTON-SC,0.8182816530250001
SALUDA-SC,0.7850889974333336
EDWARDS-IL,0.8841534391583333
RIPLEY-IN,0.8541120874833336
CLAY-MN,0.8053748958833333
KANDIYOHI-MN,0.7578403087583334
ROBESON-NC,0.8068058340583333
EAST CARROLL PARISH-LA,0.7789607843125
MADISON-TX,0.9291037037083334
COAL-OK,0.9224698255142858
SUMMIT-CO,0.8874364203999997
FLAGLER-FL,0.7897037037
WILLIAMSON-TX,0.9166989654333334
COOSA-AL,0.6841760295416667
NAVAJO-AZ,0.735845227375
WABAUNSEE-KS,0.9034638613833333
HANCOCK-MS,0.766936087875
HONOLULU-HI,0.8451600836583332
FAUQUIER-VA,0.9052379297
DELAWARE-OK,0.8562069202999999
MULTNOMAH-OR,0.6962115632666667
TIPTON-TN,0.9274325760333332
BROOKS-TX,0.8227201492499999
LYNN-TX,0.9330288461499998
PECOS-TX,0.7112459137083332
WHITE PINE-NV,0.7550413533833334
MARION-IA,0.9416447219083333
RICHLAND PARISH-LA,0.7315525848416667
FRANKLIN-MA,0.7999413137583332
WILLIAMSBURG-SC,0.7776302472083332
STONEWALL-TX,0.9384395604428571
MORGAN-AL,0.7934951381916666
MONTGOMERY-AR,0.8471395711
SIOUX-ND,0.426267206475
LAKE AND PENINSULA BOROUGH-AK,0.6249189189333334
HARDIN-OH,0.8994265530250001
HOLMES-OH,0.9084423681999999
JEFFERSON-WI,0.9283293729833333
FAYETTE-IA,0.922123906125
YUMA-CO,0.8404723021999999
CRAWFORD-MI,0.7896129736999998
JEFFERSON DAVIS COUN-MS,0.765
LEFLORE-MS,0.682186094775
GUADALUPE-TX,0.9238633328833333
HANSFORD-TX,0.9499181957222222
CARBON-UT,0.928927585009091
MCCOOK-SD,0.96429612782
MEAGHER-MT,0.8796590908999999
WHITESIDE-IL,0.847989659275
RENVILLE-MN,0.8839802500099999
PULASKI-GA,0.7759415562166666
CUMBERLAND-VA,0.8502793040333333
OKANOGAN-WA,0.7945830980749999
SKAMANIA-WA,0.7214756120666667
MONROE-PA,0.8708505367666666
MACON-IL,0.7867744335083334
APPANOOSE-IA,0.8925683716583332
GREELEY-NE,0.9146
SHERMAN-NE,0.9374230204999999
DONA ANA-NM,0.7421542447749999
JONES-IA,0.9155645808916667
MARION-KS,0.8739875654428573
CALAVERAS-CA,0.9060633016166668
WASHINGTON-KY,0.9259282918
HUMBOLDT-IA,0.9252940959
GOVE-KS,0.9061654088000001
ANDERSON-KY,0.9339351672499999
COCONINO-AZ,0.7809091485166668
BUTTE-CA,0.8442760165416666
LOGAN-CO,0.7892048772083333
UNION-FL,0.7571606319333332
WABASH-IN,0.8742827065166668
INGHAM-MI,0.7601895873166667
LINCOLN-MS,0.7553720744583333
ONEIDA-ID,0.9178320463416668
HUDSPETH-TX,0.88851630435
MARSHALL-KY,0.8992878291833333
SHELBY-OH,0.9107402156416665
CLEVELAND-OK,0.8226608001000001
DEWEY-OK,0.9709393939333334
BURKE-ND,0.9420289855
ST. JOHN THE BAPTIST PARISH-LA,0.7154833659428572
GLACIER-MT,0.7125972184799999
MENDOCINO-CA,0.8002347859583333
KIOWA-CO,0.941529723
LEON-FL,0.802877015525
CAYUGA-NY,0.7782733640999999
BUTLER-NE,0.9249712628333332
BUTLER-OH,0.8664475915000001
FAYETTE-OH,0.9031981785916666
TALBOT-MD,0.8686081262666668
WASHAKIE-WY,0.8028687564916667
PIATT-IL,0.9135761978833333
BROWN-IN,0.8959322225833334
PORTER-IN,0.8975866138666665
VAN BUREN-MI,0.7665563302833333
BULLOCK-AL,0.7396662645
MURRAY-GA,0.7632876794916666
NORTON CITY-VA,0.88743333333
CLAY-IA,0.9053413455666665
MONROE-IA,0.9462437011916668
MONTGOMERY-KS,0.8353749054166667
MONROE-AR,0.8382494974
CALEDONIA-VT,0.8662268503
BARBER-KS,0.9065664835166666
BOURBON-KS,0.8456541046083333
CHRISTIAN-KY,0.8404293259333334
SANPETE-UT,0.8275338848090908
UTAH-UT,0.8658389590727272
AUGUSTA-VA,0.8701227771500001
PRICE-WI,0.916312494775
JOHNSON-WY,0.8583171326916669
CHEYENNE-NE,0.9023709550666665
GRUNDY-TN,0.8540877502666665
PEORIA-IL,0.794941023475
STEUBEN-IN,0.8447720395583334
BREVARD-FL,0.8430798528916665
CARVER-MN,0.8851916348363636
MADISON-MS,0.8026174140499999
HUDSON-NJ,0.8139553746500002
RED RIVER-TX,0.9197222222249999
IROQUOIS-IL,0.8599018153916669
WINNEBAGO-IL,0.7481585890999999
DELAWARE-IN,0.88512358825
FULTON-AR,0.939948322342857
DEL NORTE-CA,0.7375825585416668
DICKSON-TN,0.8782595871666666
OTSEGO-MI,0.8368366977166666
NEWTON-MS,0.7845238490916667
TANEY-MO,0.9154264127583333
DEER LODGE-MT,0.83763989247
WASHINGTON-TX,0.8968195197166665
HICKORY-MO,0.929237354775
IMPERIAL-CA,0.8265418814333335
BURKE-GA,0.7605918613583332
BOONE-KY,0.8992159859416669
KITTSON-MN,0.9356372244666668
SUMMIT-OH,0.8385189884833334
STEPHENS-OK,0.8568272495999999
HIGHLANDS-FL,0.6680107644083333
HARDEMAN-TX,0.941785087725
HUNT-TX,0.8764969981416667
LAMPASAS-TX,0.9317834778333333
LAVACA-TX,0.9616666872416664
ESSEX-NJ,0.8211444346083333
MORRIS-NJ,0.9451695430000001
BATH-KY,0.8701346976250001
CARROLL-AR,0.7967189392416666
HARDY-WV,0.860297337275
ADAMS-WI,0.8930309454333334
WASHBURN-WI,0.9220898598250001
STEPHENSON-IL,0.8366913714833335
COLQUITT-GA,0.7601670398666666
GRANT-MN,0.9147182065142856
CADDO PARISH-LA,0.6677717607
MIDDLESEX-MA,0.8964699252583334
ROSCOMMON-MI,0.7118392434583333
HOLMES-MS,0.6912870837333333
OLDHAM-TX,0.9024795321666667
CLOUD-KS,0.843515085725
SEDGWICK-KS,0.79242075155
BELL-KY,0.8728650899916667
BENTON-AR,0.8557783295250001
TISHOMINGO-MS,0.7995906113500001
BUTLER-MO,0.8393576674166666
WASHINGTON-MO,0.8870337433916666
JEFFERSON-MT,0.6638904762000001
DUNDY-NE,0.91382
FRANKLIN-NE,0.9135333333333332
NEMAHA-NE,0.9244073051111111
OCEAN-NJ,0.8879885053833333
GRANT-NM,0.8290384212916667
ORANGE-IN,0.8722050693416666
AUDUBON-IA,0.9511527225428572
GRIMES-TX,0.8738755145166667
MORGAN-GA,0.8470391255249999
TAYLOR-GA,0.6701863721500002
UNION-GA,0.808906545275
CHRISTIAN-IL,0.8620012426833333
MARSHALL-IA,0.8705094922166666
CORSON-SD,0.5998586672166666
JACKSON-IL,0.8424670946333334
WABASH-IL,0.8145322735249999
WEBSTER-NE,0.9774296962666665
MARSHALL-WV,0.8699968576
RAMSEY-ND,0.8693702221
TUSCARAWAS-OH,0.8645693226083333
HARMON-OK,0.9220280280333332
ARMSTRONG-PA,0.869927391225
LAFAYETTE-AR,0.8854338011142857
UNION-MS,0.8111207401250001
MUSCOGEE-GA,0.7633995777749999
RICHMOND-NY,0.7707933001799999
SENECA-NY,0.78900083205
JO DAVIESS-IL,0.89192410222
ACADIA PARISH-LA,0.7887134292583333
MARIN-CA,0.9187759932999999
CRAWFORD-PA,0.8892243893583333
GREEN LAKE-WI,0.9138908766833334
SURRY-NC,0.86112314045
KNOX-OH,0.8932788827166666
DICKENS-TX,0.9173333333375
SCHLEICHER-TX,0.9598962766
DELTA-CO,0.833595808525
LEVY-FL,0.7151702595166668
NASSAU-FL,0.8622005359333333
HUGHES-OK,0.8389100303833334
HAMPSHIRE-MA,0.8918564008416667
FOUNTAIN-IN,0.8815331050583334
HOUGHTON-MI,0.8487804718333333
SIBLEY-MN,0.8276120779083334
JOHNSON-TN,0.9233366346
ADAMS-IN,0.9208559716249999
GREENE-IN,0.8798786429666667
ALLEN PARISH-LA,0.8432941176500001
PLYMOUTH-MA,0.8694431360583336
CAMDEN-NC,0.8588628526666665
HENRY-VA,0.81401125795
ROBERTSON-KY,0.8761267942625
MERCER-OH,0.9556998393166668
LAURENS-SC,0.7384726680333333
FRANKLIN-TN,0.8835746945333333
LAFAYETTE-MS,0.8228305652500002
GOLIAD-TX,0.9491031073416667
CHRISTIAN-MO,0.9237586698833334
CLARK-MO,0.8865345262583332
NEWTON-MO,0.8694778271333332
CHURCHILL-NV,0.7363534890999999
DOUGLAS-NV,0.833364498825
COLUMBIA-NY,0.7795027731833333
DUBUQUE-IA,0.9098792315583335
WINNEBAGO-IA,0.9167958942416666
JAY-IN,0.8795742353833332
BAYLOR-TX,0.9319821428625
PANOLA-TX,0.8801701843666666
LAFAYETTE PARISH-LA,0.7358122270749999
IONIA-MI,0.8227408368666668
CURRY-NM,0.7651242949666667
FLEMING-KY,0.891372966725
BLOUNT-TN,0.8941975250250002
DOUGLAS-WA,0.8165454198416665
MARION-OH,0.653280777025
WASHITA-OK,0.8594040404
GATES-NC,0.8626271142333334
WEBSTER-MS,0.8285462963
JASPER-IL,0.9081238018833333
MADISON-VA,0.8852956989249999
KIOWA-KS,0.4907936159833333
LESLIE-KY,0.8785769135916666
MONTGOMERY-KY,0.8496966337583333
JACKSON-GA,0.8519128805666667
OWYHEE-ID,0.8462678194
CRAWFORD-AR,0.866937916675
BAKER-GA,0.71414444445
HALL-TX,0.9374642857125001
LOGAN-IL,0.8057446302416666
WILLIAMSON-IL,0.8383045341333332
LAFAYETTE-WI,0.9476590617444445
TRIGG-KY,0.8829728346166665
DOLORES-CO,0.8780858586000001
POLK-TX,0.8895679248583334
CUSTER-MT,0.8023463949818183
HUNTERDON-NJ,0.9330730490666665
ONTARIO-NY,0.8747422316166666
ORANGE-NY,0.84418163965
OTTAWA-MI,0.8731737895833334
GRENADA-MS,0.7162867996166665
PAULDING-OH,0.9267959599333334
KENAI PENINSULA BORO-AK,0.7879999999999999
HAWAII-HI,0.7881629654900001
PRATT-KS,0.8362136296583335
MARSHALL-AL,0.8283910677916665
WEBER-UT,0.7956435822272727
ATCHISON-MO,0.8666629657833335
LIVINGSTON-MO,0.9036637280833334
SCOTT-MO,0.9013230962000001
SANDERS-MT,0.8861390163999999
DODGE-NE,0.8625972960583334
YELLOW MEDICINE-MN,0.9314402593714286
WILCOX-GA,0.7614513323750001
CHEYENNE-CO,0.8890520679666668
FANNIN-TX,0.9329506103916666
KNOX-ME,0.8462787902166666
PENOBSCOT-ME,0.8560858574666668
NANCE-NE,0.9506281495
BERGEN-NJ,0.9408416776166667
HAYWOOD-NC,0.8211296890333334
GEAUGA-OH,0.9316353640499998
TRIMBLE-KY,0.8200875352749998
JEFFERSON DAVIS PARISH-LA,0.8551269841285715
ORLEANS PARISH-LA,0.6892747956166666
ST. CHARLES PARISH-LA,0.8218894557833334
GRANT-SD,0.9273072994333335
SHANNON-SD,0.19098227283333336
DAVIDSON-TN,0.750503077275
GAINES-TX,0.925421255525
HOOD-TX,0.9032083015499999
PACIFIC-WA,0.8021770206666665
SNOHOMISH-WA,0.8034516241333334
SUMMERS-WV,0.7753147696500001
SALINE-IL,0.8206842327083335
WOODFORD-IL,0.8968654175166667
SULLIVAN-IN,0.8509935468
RUTLAND-VT,0.8902858168500002
CARROLL-KY,0.8801619199499999
ESTILL-KY,0.8895933241666666
GRAYSON-KY,0.8612648585166666
RIO GRANDE-CO,0.7727059119166667
WEST BATON ROUGE PAR-LA,0.728
NUCKOLLS-NE,0.9130742916000001
GRAY-KS,0.8777833333333334
SULLIVAN-MO,0.9123108346333334
JOHNSTON-OK,0.7931501186272727
LINCOLN-MN,0.8488793306833333
LIVINGSTON-IL,0.8781990988083331
WHITE-IN,0.8358351856
LANCASTER-SC,0.797310041525
MACON-TN,0.806646720925
BREWSTER-TX,0.9186207371749999
ELLIS-TX,0.9078259643166667
HAYS-TX,0.8767760941000001
BUCHANAN-VA,0.8232268518499999
NORTHAMPTON-VA,0.7569963768083333
ATHENS-OH,0.8961675909750001
HOPKINS-KY,0.8508420134833333
AMITE-MS,0.5964037356375
COFFEE-AL,0.8782668902083333
CONECUH-AL,0.774078366975
PULASKI-AR,0.7178215044833335
HAMILTON-NE,0.9508910952583333
MONTGOMERY-OH,0.8098663371833333
TILLMAN-OK,0.8136738437
HARVEY-KS,0.8689536547833332
FAYETTE-KY,0.8361195326249998
COFFEY-KS,0.9239377912181816
LEE-KY,0.881808602309091
MENIFEE-KY,0.9038577331916667
CALDWELL PARISH-LA,0.8090122739
HANCOCK-ME,0.84504361905
WICOMICO-MD,0.8154281040083333
CHEBOYGAN-MI,0.8467558143583332
HOCKING-OH,0.9303985998083334
HUTCHINSON-TX,0.8960665146333335
STE. GENEVIEVE-MO,0.8718197571285715
SCOTT-TN,0.8682263509916668
MCCLAIN-OK,0.9163853122583333
HARNEY-OR,0.7425321246833333
CLARK-ID,0.9350389610428572
CLAY-IL,0.7987584464333333
ST. JOSEPH-MI,0.8188877328916667
SCOTT-MN,0.8666434650833331
ADDISON-VT,0.9056926003333334
ORLEANS-VT,0.8420777846636363
DIVIDE-ND,0.931387931025
SHIAWASSEE-MI,0.8456009081000001
MURRAY-MN,0.9147016791444444
CAMDEN-MO,0.9058437711583335
CHESHIRE-NH,0.85616186395
SPENCER-IN,0.9230682407333335
MOTLEY-TX,0.946125
MOHAVE-AZ,0.7468025415
CLARKE-GA,0.6995716282916667
ELBERT-CO,0.8673288841666666
TOOLE-MT,0.8403208333333333
NORTHWEST ARCTIC BOR-AK,0.645
MANASSAS PARK CITY-VA,0.7927291666666667
MCLEAN-KY,0.8868871097333333
JOHNSON-KS,0.9082199417083333
PICKENS-SC,0.7692400239583334
SAN JUAN-WA,0.834157524525
TYLER-WV,0.90903295165
RICHLAND-IL,0.8969767298416668
LAKE-IN,0.821491934775
LUNA-NM,0.647133066025
WORTH-IA,0.9354707275499999
BOYD-KY,0.9035478016999999
PIKE-AL,0.7517927703083332
LINN-OR,0.6677134260999998
GEORGE-MS,0.7567731648583335
TRAVIS-TX,0.8375894193000001
ALLEGHANY-VA,0.8538557692333332
DINWIDDIE-VA,0.7645042448583336
BRULE-SD,0.8322857846250001
FULTON-GA,0.7228837287416668
BINGHAM-ID,0.8288505462416667
WAYNE-UT,0.9181587301666667
DAVIESS-KY,0.9085205560666667
LITTLE RIVER-AR,0.8466863353083333
AUDRAIN-MO,0.8662194483000002
CHOUTEAU-MT,0.9278873134250001
TODD-SD,0.5010199592166666
CHICKASAW-MS,0.6976072504
FALLS-TX,0.8570691202272727
WATAUGA-NC,0.85625487805
RANDOLPH-GA,0.6774406389
NOBLE-OH,0.9167969279083336
CAPE GIRARDEAU COUNT-MO,0.86537737994
SARATOGA-NY,0.8749174559999999
KIMBALL-NE,0.8760923976666667
NICOLLET-MN,0.9011007862166666
CHILDRESS-TX,0.890010101009091
WESTMORELAND-VA,0.8053696919583334
POLK-NE,0.9418205849666665
MONROE-NY,0.8001304207583333
MEADE-KS,0.8694285714333333
MAHONING-OH,0.8322331249666668
ASHLAND-WI,0.9063151142583333
RUSK-WI,0.886528056825
COLUMBIA-GA,0.82981002095
IRWIN-GA,0.7401616371166666
HARRISON-MO,0.8789317330125
TALLAPOOSA-AL,0.7885821634416667
JACKSON-AR,0.8440726251416666
GARDEN-NE,0.99075
GLYNN-GA,0.772040653675
STERLING-TX,0.974125
WASHINGTON-OK,0.7974409602916667
JASPER-MS,0.7958971447083335
HURON-OH,0.9006322997833333
SAN PATRICIO-TX,0.8777868453499998
CLARKE-AL,0.8166616723583333
GARFIELD-WA,0.8808619821833333
WETZEL-WV,0.9035666666666667
POLK-WI,0.939412194575
BACON-GA,0.805970952
BERKELEY-SC,0.7713527444000001
MONTGOMERY-TN,0.9111604339916667
EDWARDS-KS,0.9318166666666666
LINCOLN-NE,0.8667354767583334
JOHNSON-IA,0.9055011381999999
ELLIOTT-KY,0.8607566270833332
GRANT-KY,0.8397991888166666
ESCAMBIA-FL,0.6864392924083335
GRAY-TX,0.8925985953499999
CARTER-MO,0.8572403168285714
FALLON-MT,0.9288293906833333
DECATUR-IN,0.9175694054166667
GREENE-IA,0.8807817322083333
NOBLES-MN,0.7889912020416667
MARION-MS,0.758064112675
HALIFAX-NC,0.7576439187166666
LYON-KY,0.9528534867916667
NORFOLK-MA,0.9161024804999999
BAMBERG-SC,0.7632528464999999
SPARTANBURG-SC,0.8193920766833332
BUTTE-SD,0.9010143916333334
BEDFORD-TN,0.8571812453666667
PENDLETON-WV,0.8846088235333335
ZAVALA-TX,0.8102810175333333
TREUTLEN-GA,0.7459527070000002
VINTON-OH,0.8640454741583333
WOOD-OH,0.9316640724583333
BENTON-OR,0.7990278975833331
POWESHIEK-IA,0.9244181644166667
TUSCALOOSA-AL,0.7624911746166666
KODIAK ISLAND BOROUGH-AK,0.8392815907142855
WYTHE-VA,0.8355833333333335
BROOKE-WV,0.9025656054916665
ECHOLS-GA,0.8405851571749999
TRIPP-SD,0.8483366306166666
SIERRA-CA,0.8475952380999999
COMANCHE-OK,0.8026499972583333
MAJOR-OK,0.8256294870666667
CAMERON-PA,0.8677799735
CLINTON-MI,0.9146375045916667
JOHNSON-TX,0.8889396308083332
GRAND FORKS-ND,0.853251163625
ALLEN-OH,0.8306774410083334
TAZEWELL-IL,0.8816638430500001
TIPTON-IN,0.9241644596166668
LINCOLN-OR,0.7102864267583332
WABASHA-MN,0.8977059434083331
MONTGOMERY-MS,0.7299496946000001
PLEASANTS-WV,0.9161464052250001
HUMBOLDT-CA,0.8313146837166667
KERN-CA,0.8047579638749999
ARCHULETA-CO,0.8526502860416666
ALACHUA-FL,0.7483732520833334
BAKER-FL,0.7426816109500001
BOISE-ID,0.7609269006
MARION-AL,0.8060568900166668
BIG HORN-MT,0.67738257656
BLACKFORD-IN,0.892590688225
CLARKE-IA,0.88739781965
LAUREL-KY,0.8161890287666668
KEOKUK-IA,0.9106314020499999
CROSBY-TX,0.8979322033875001
NORTHUMBERLAND COUNT-PA,0.84662184362
BLADEN-NC,0.7889447097833333
RICHLAND-ND,0.8531952885083335
RABUN-GA,0.8745472790750001
KAUAI-HI,0.8419032415100002
COOK-IL,0.7903323479916667
SCOTT-KY,0.8499583668499998
BENZIE-MI,0.8015950419000001
DEUEL-SD,0.91596068375
MONITEAU-MO,0.8988992971499999
KING-WA,0.8138413469583332
MONROE-WI,0.9290631730000002
ROCK-WI,0.8833545052499998
PLATTE-WY,0.8365627596583333
KUSILVAK CENSUS AREA-AK,0.626818181825
BORDEN-TX,0.9663333333374999
SCHOOLCRAFT-MI,0.8694871146666666
UVALDE-TX,0.8139755221083335
NORTHUMBERLAND COUNT-VA,0.845
RICHMOND CITY-VA,0.6577542266416667
MOORE-NC,0.8266363089083334
SUTTER-CA,0.829448850675
BOULDER-CO,0.8606739757499998
UNION-NJ,0.8619712548333336
FISHER-TX,0.9228749999999999
KAUFMAN-TX,0.8975934172083333
KERSHAW-SC,0.793201782325
BROADWATER-MT,0.8343361741857143
PETROLEUM-MT,0.9047142857166667
CARROLL-IN,0.9051935680083333
DALLAS-IA,0.9629316937166665
TYRRELL-NC,0.7257398673666667
NORTHUMBERLAND-PA,0.8365154837285714
HAYES-NE,1.0
SKAGWAY MUNICIPALITY-AK,1.0
MADISON-MO,0.8819628021333332
COLFAX-NE,0.9034495414083333
TETON-ID,0.8321355518166668
BROWN-IL,0.87742727272
LEELANAU-MI,0.7899290194666667
BLUE EARTH-MN,0.8572774396333332
LANDER-NV,0.7878402014666667
ST. CLAIR-AL,0.80622155635
YUMA-AZ,0.8092421831600001
DUVAL-TX,0.8184078219666668
GRAYSON-TX,0.9148201597416666
SAN AUGUSTINE-TX,0.8899851694875
SAN SABA-TX,0.9372240566
KING GEORGE-VA,0.8989166666666666
TULSA-OK,0.805513555375
FRANKLIN PARISH-LA,0.689748344375
CRAWFORD-OH,0.873571633925
LOGAN-OK,0.7744956865083332
NEWTON-TX,0.9024829396749999
KENT-MD,0.8619812807916666
JONES-NC,0.8346670670333332
ADAMS-OH,0.8738313840333335
ALLENDALE-SC,0.7313729306916666
RANDOLPH-MO,0.8766328719250001
BURT-NE,0.9011422818666667
STONE-AR,0.9212078895416669
FILLMORE-MN,0.9095361358571429
LOUP-NE,0.8863666666666666
LINCOLN-NV,0.7676091802899999
HARDING-NM,0.8665045249
CHAUTAUQUA-KS,0.8827281609166667
GLASSCOCK-TX,0.9549880952375
KENT-TX,0.909972222225
LA SALLE-TX,0.8624268707499998
CLAY-AR,0.8935797117750001
PIKE-AR,0.8543719913000001
LINCOLN PARISH-LA,0.8403803939416669
RUSSELL-KS,0.8469150537625001
BREATHITT-KY,0.8001644434083333
NEW HAVEN-CT,0.8073241667416666
ADAMS-NE,0.8834234256750001
MENARD-IL,0.853932785875
MOODY-SD,0.7434268540000001
PITTSYLVANIA-VA,0.8454447278916666
KETCHIKAN GATEWAY BOROUGH-AK,0.728781831
BARRY-MI,0.8472727170500001
DAKOTA-MN,0.8452381871833333
KANABEC-MN,0.8686162816083334
BLAINE-ID,0.8077481552083333
POWER-ID,0.854161580475
OTTAWA-OH,0.9332857208333333
KEWEENAW-MI,0.619047619
GRANT-WA,0.7644300589916666
LEWIS-WV,0.78524174455
ROCKWALL-TX,0.9492543628583334
SUNFLOWER-MS,0.7024195251500002
COLE-MO,0.8000148134583333
LA PAZ-AZ,0.78244816745
LAWRENCE-OH,0.8991671663166668
IDA-IA,0.9674726172083333
KEARNY-KS,0.8383461279500001
PUTNAM-NY,0.9122298076
FRONTIER-NE,0.9083268800666665
KIT CARSON-CO,0.8658593898142856
MONTGOMERY-AL,0.6740891042166667
MARION-AR,0.8496420657000002
BROWN-SD,0.8675719344583334
FALL RIVER-SD,0.8294515895090909
ERIE-NY,0.7991952876416666
CRAIG-OK,0.8433545232333333
GREENSVILLE-VA,0.86425
VIRGINIA BEACH CITY-VA,0.8430847723666667
OHIO-WV,0.8817537037
EARLY-GA,0.7930387243666667
FRANKLIN-GA,0.7862120377166667
HENRY-IL,0.8718736770833332
HARDIN-IL,0.8270391156499999
WRIGHT-MN,0.9095036877833335
HICKMAN-KY,0.8973344382499999
LEAVENWORTH-KS,0.892428130925
BARREN-KY,0.869683629075
WOODSON-KS,0.8603216374333332
DADE-GA,0.8052040360583335
LONG-GA,0.7705885461499999
MCDUFFIE-GA,0.7580368138666667
WARREN-OH,0.9355797098833332
ELK-KS,0.8466666666666667
HENRY-AL,0.7727957621250002
MACON-AL,0.7797217514083333
CULPEPER-VA,0.8661289910583333
SCOTT-MS,0.7432893447833332
WRIGHT-MO,0.9321387371250002
MUSSELSHELL-MT,0.9333904762
OGLALA LAKOTA-SD,0.3579032258
ALLEGHANY-NC,0.8733423895
PAMLICO-NC,0.8569017579583332
WHITLEY-KY,0.9035287618250001
COLORADO-TX,0.8958202583999998
ROBERTSON-TX,0.9018568060916667
RUSK-TX,0.8931017570083332
ST. LUCIE-FL,0.7449747189916667
SAUNDERS-NE,0.9391169445166666
GOSPER-NE,0.8932333333333333
PERRY-MO,0.8659717188333335
PLATTE-MO,0.9247795932083333
DICKINSON-IA,0.9166473504416666
LINCOLN-AR,0.8801255137083333
GRANT-NE,1.0
MILLS-IA,0.9269829020916668
MIAMI-KS,0.8521785885333334
SCOTT-KS,0.8994314049545455
CLARK-WI,0.9393192748333332
GREENVILLE-SC,0.7898082952333333
UNION-SC,0.7498980367416667
CAMPBELL-TN,0.8225559524833334
BEAUFORT-NC,0.779014183125
CRAIG-VA,0.84225
CHATTAHOOCHEE-GA,0.7666286466100001
BARAGA-MI,0.8302492707888889
FAYETTE-PA,0.7776224285166666
KINGSBURY-SD,0.90948263255
RANSOM-ND,0.8904326241249999
MORGAN-UT,0.9268097023272727
BOYLE-KY,0.9004666496083332
BROWN-MN,0.8638963780583334
HUMPHREYS-MS,0.7806929530166666
JACKSON-OR,0.7130991344083334
SANTA CLARA-CA,0.8574615351583333
BUCHANAN-MO,0.8855005120916668
CASCADE-MT,0.8297435573909091
EAST BATON ROUGE PAR-LA,0.70457472672
RANDOLPH-AL,0.8367925702833333
FRESNO-CA,0.7800575899083332
DOUGLAS-CO,0.8810291519333333
FULTON-IL,0.8669335115083334
GALLATIN-IL,0.8218621554
CASS-IN,0.8697085450083333
NEWTON-IN,0.8244508103083336
PRESTON-WV,0.8086923215916668
GREGG-TX,0.8803359784083334
CLINTON-MO,0.8970372309333333
SCHUYLER-NY,0.8041001237333334
JEFFERSON-TN,0.8956123414916667
CHILTON-AL,0.787420613175
ETOWAH-AL,0.7980834900833335
PRINCE GEORGE'S-MD,0.7632019885857142
CALHOUN-MI,0.7579611010166666
GRADY-OK,0.8122096354499999
COLUMBIA-OR,0.7430322563083332
GENESEE-MI,0.74422561515
ROCK-MN,0.8841555144333334
CLARKE-MS,0.8014677872166667
DAVIS-UT,0.9007334649272726
EMERY-UT,0.9316254018909091
MCKINLEY-NM,0.6608404661166667
LAKE-CO,0.6674479875909092
MARION-WV,0.8538952965250001
VERNON-WI,0.9414487583333333
ADAMS-ND,0.8967672413750001
SHELBY-MO,0.9252440542500001
RICHLAND-MT,0.8607168896599999
JEFFERSON PARISH-LA,0.6681171076666668
OCONEE-SC,0.7979429290833334
DYER-TN,0.8819494764583334
BREMER-IA,0.9555577192833334
CLAYTON-IA,0.9308053812545455
WADE HAMPTON CENSUS-AK,0.46197953946666664
JESSAMINE-KY,0.8440405819416665
LONOKE-AR,0.8340014307
DODDRIDGE-WV,0.8943380503166667
RANDOLPH-WV,0.8160611111083332
CLINTON-IL,0.8730901836833334
NELSON-VA,0.8291017316000001
JASPER-IA,0.926581709225
ADAMS-CO,0.6963656618583335
CROWLEY-CO,0.7566567760666666
EAGLE-CO,0.7726138689250001
DENTON-TX,0.8951738836
WICHITA-KS,0.8577504504500001
ELKO-NV,0.7829900987083334
BROOME-NY,0.8172918074666665
CHASE-NE,0.8945376631333333
PROVIDENCE-RI,0.768861557275
MCPHERSON-SD,0.8626606388666667
MONROE-TN,0.8864549235583331
BROWN-NE,0.9698666666666665
MINGO-WV,0.8204487654333334
COWETA-GA,0.76609392305
SHARKEY-MS,0.717615633075
ANDREW-MO,0.8915844423666665
JEFFERSON-MO,0.8897315866583334
WASHINGTON-TN,0.8946542641833335
VENTURA-CA,0.8448217289333334
ALLEN-IN,0.8727150576000001
CRAWFORD-IN,0.8533065799999999
NELSON-KY,0.9240223383833333
NANTUCKET-MA,0.865829288025
AUGLAIZE-OH,0.9400198832916667
HARRISON-OH,0.8610857132999999
HERNANDO-FL,0.7712388031500002
NEWPORT NEWS CITY-VA,0.8168975735916666
FLOYD-TX,0.87225
LAC QUI PARLE-MN,0.9090947511777778
DOUGLAS-NE,0.8330088269416666
MONTOUR-PA,0.9010760662666667
RICHLAND-OH,0.8215204139333333
YADKIN-NC,0.8525820391166667
MONTGOMERY-IL,0.8236395993833333
STANLEY-SD,0.8548242035666668
CALHOUN-FL,0.7896040505416667
SULLIVAN-TN,0.8729734072916666
GALVESTON-TX,0.8779870983249999
PRINCE GEORGE'S COUN-MD,0.76
DUKES-MA,0.8804983770272727
COOS-NH,0.8627062765749999
SANDOVAL-NM,0.7579239284583336
HAYWOOD-TN,0.7902569629666666
ST. CROIX-WI,0.957848775725
CAMPBELL-WY,0.8238584735666666
WAYNE-MO,0.9033184212416666
RINGGOLD-IA,0.9616212247142857
CHEYENNE-KS,0.9417314814833334
FRANKLIN-AR,0.9041101702583333
DESOTO-MS,0.8192943262416666
TIFT-GA,0.7651426703833334
TOOMBS-GA,0.7549751155166667
DANIELS-MT,0.9290103815833334
HAMILTON-IL,0.9036463964000001
CURRITUCK-NC,0.8505352635249999
DICKINSON-KS,0.8976238179916666
DUCHESNE-UT,0.814653115
BROOMFIELD-CO,0.811135468
JEFFERSON-OK,0.8311168274333333
TAYLOR-KY,0.9404006700249999
CAMERON PARISH-LA,0.8766904761916666
TORRANCE-NM,0.7142587511583334
HAWKINS-TN,0.8720397911416667
JACKSON-TN,0.8383260775833333
FAIRFAX-VA,0.8768963901083332
HETTINGER-ND,0.8958611110999999
FRANKLIN-ID,0.9149236372916668
WASHINGTON-IL,0.8687940315166668
BLACK HAWK-IA,0.8519097319166669
LEE-IA,0.8667356207916667
PERKINS-NE,0.9596666666666667
LIVINGSTON-MI,0.87604498965
ROCKLAND-NY,0.8571813046750001
LOGAN-NE,0.933333333325
WAKULLA-FL,0.7654898736500001
PULASKI-VA,0.818322390575
ST. JOHN THE BAPTIST-LA,0.7200000000000001
CUSTER-CO,0.9224918637166667
HENDRY-FL,0.7322786213083333
AUSTIN-TX,0.9270591700333334
HANCOCK-GA,0.8502979144181816
BUTLER-IA,0.955840922925
WARREN-IA,0.9416233174833333
SHERMAN-KS,0.7872820993454543
WARREN-NC,0.7583721435999999
ASHTABULA-OH,0.8528609663166665
BEADLE-SD,0.786021013675
PERRY-IL,0.8478787001
GRANT-IN,0.8851990688416667
WARREN-IN,0.9302725630833333
COLBERT-AL,0.8099589031583333
YUKON-KOYUKUK CENSUS AREA-AK,0.6437844676
EDDY-NM,0.7284263729916667
QUAY-NM,0.6842431120916665
LAWRENCE-PA,0.8968757784583334
CARROLL-MO,0.9128994349727272
PRINCE OF WALES-HYDER CENSUS AREA-AK,0.74175631945
ROCKCASTLE-KY,0.9180506414416668
PUEBLO-CO,0.7340921169916665
COLUMBIA-FL,0.7045090659833334
SEMINOLE-FL,0.8330597828249999
DODGE-MN,0.9286786765833334
BURNET-TX,0.9279510378499999
RICHMOND-NC,0.7794131528666667
CALHOUN-SC,0.8719681470166667
MAUI-HI,0.7937508224500001
NEZ PERCE-ID,0.8396079710416666
PERRY-AL,0.8720605664916666
LYMAN-SD,0.8573427291333333
GRUNDY-MO,0.9230379612583333
MILLER-MO,0.8934746681
GARFIELD-MT,1.0
CHEMUNG-NY,0.7401272356416665
PRENTISS-MS,0.8107397786916667
CARBON-MT,0.8986485628499999
GRUNDY-IL,0.9027342434083332
LAGRANGE-IN,0.8726648278833333
CERRO GORDO-IA,0.8928528619166668
JACKSON-MS,0.78276200725
CLAY-NC,0.8501619981333333
ROBERTSON-TN,0.912903613358333
RALEIGH-WV,0.8225666666666668
PONDERA-MT,0.8722
DEKALB-IL,0.8844875844333333
FLORENCE-WI,0.8899943553166666
NASSAU-NY,0.905314917425
ST. CLAIR-IL,0.8146041338666669
VANDERBURGH-IN,0.8039422067250003
MASON-WV,0.8434350649333333
PIERCE-WI,0.9497605673916668
VENANGO-PA,0.89966568115
WYOMING-PA,0.8957238076
CARTER-TN,0.8731943957333334
COFFEE-TN,0.8777029843833333
OKTIBBEHA-MS,0.7347913938583334
COLONIAL HEIGHTS CITY-VA,0.8648622652285713
TERREBONNE PARISH-LA,0.7483535453916667
HARNETT-NC,0.7870339769416667
VANCE-NC,0.7245335543499999
MARIES-MO,0.8609746706142857
GRAHAM-AZ,0.794479054825
MONO-CA,0.6190175522666667
SEARCY-AR,0.9355436648545455
BRONX-NY,0.61409437509
MARSHALL-SD,0.9411921716833334
KIOWA-OK,0.8496354285000001
SUSSEX-NJ,0.9246337293750001
SUFFOLK-MA,0.6676507094333334
JACKSON-MN,0.949853287425
ST. LOUIS-MN,0.8073316863000001
SALT LAKE-UT,0.7973567571727272
WHATCOM-WA,0.7800232886166666
GRANVILLE-NC,0.7719985723166666
CALHOUN-AL,0.823267891325
WASHINGTON-AR,0.8486517665583334
HARDIN-TN,0.8657926013333332
JACKSON-WV,0.8653183290666666
SUBLETTE-WY,0.89465988165
ROANE-TN,0.8483682744416668
BASTROP-TX,0.8696610676333333
DEWITT-TX,0.9092005824333332
PIPESTONE-MN,0.8653592506416667
BLAINE-MT,0.72807752235
ASSUMPTION PARISH-LA,0.756980202575
OTOE-NE,0.9031346011833334
CLARK-NV,0.7001810132083333
WAYNE-NY,0.8419068996916667
DAVIE-NC,0.8219431119999999
SAMPSON-NC,0.7828783923333335
TOWNER-ND,0.918187611425
GREENE-OH,0.8892790308833334
CARTER-OK,0.7964689231249998
UNION-OR,0.8147338728583334
CAMBRIA-PA,0.9153882646000001
KINGS-CA,0.755543629625
TRINITY-CA,0.84627424335
MESA-CO,0.7507698868833333
RICHMOND-GA,0.6672663615583335
LUCAS-IA,0.9590053064166667
VALDEZ-CORDOVA CENSU-AK,0.7861878788
NORMAN-MN,0.8983925141166665
DENALI BOROUGH-AK,0.5326797385666667
TUSCOLA-MI,0.8069581700833334
RAY-MO,0.90335822505
CARSON-TX,0.9469281914874998
COTTLE-TX,0.9231874999999999
MORRILL-NE,0.8482324037333333
LINCOLN-NM,0.7763659774583332
LARIMER-CO,0.8240770955166666
ROCKBRIDGE-VA,0.8281202090583335
TAZEWELL-VA,0.7672583816916667
LANE-KS,0.9613400000000001
KAY-OK,0.7692681495999999
WOLFE-KY,0.8806567635916668
ITASCA-MN,0.8535405053416666
OTSEGO-NY,0.8131151872083334
YATES-NY,0.8240013854416667
LANCASTER-VA,0.8495701754416668
WASHINGTON-OH,0.8975011989666669
HUNTINGDON-PA,0.8989081092166665
ONSLOW-NC,0.8624986486166666
POTTAWATOMIE-KS,0.929352050175
SCOTT-IL,0.8848969520500001
EMPORIA CITY-VA,0.7703916947222224
KLICKITAT-WA,0.7977062347583334
CRAWFORD-WI,0.9436486896583332
LOWNDES-AL,0.7083586956583333
DAVISON-SD,0.908154013075
QUEENS-NY,0.7219293805399999
JACKSON-WI,0.9256412140333334
MONTGOMERY-IA,0.8880570751333333
SEWARD-KS,0.8219172037583333
WASHINGTON-VT,0.904058454975
RAPPAHANNOCK-VA,0.9009805825272725
WASCO-OR,0.6923306600166667
GRAND-UT,0.8877792207727272
KANE-UT,0.9187526932272726
HENDERSON-NC,0.8747055151583333
WARREN-TN,0.8802088934416669
PENDLETON-KY,0.88973823155
ROWAN-KY,0.8976397746249999
WORCESTER-MA,0.8621726812333333
JACKSON-FL,0.7169947757333334
GRANT-ND,0.9529876543333332
MONROE-AL,0.7915144978
LAWRENCE-AR,0.8799289047499999
CHOCTAW-MS,0.71867723005
CAMERON-TX,0.8448719476833334
SAN JOAQUIN-CA,0.7847836848083335
MARION-FL,0.7512850923333333
DALLAS-TX,0.794621283125
IOSCO-MI,0.7625605435583332
BECKER-MN,0.8482596976416668
YELLOW MEDICINE COUN-MN,0.9450794773599999
BIG STONE-MN,0.9027011037333335
NEWTON-GA,0.7424724871083334
BLAIR-PA,0.8743103842666667
LIVINGSTON-NY,0.8691421239416667
TATE-MS,0.7663543317416668
JACKSON-IA,0.9143342843249999
LENOIR-NC,0.78123627615
EL DORADO-CA,0.8961800838750001
MCMULLEN-TX,0.9809523809571429
FORD-IL,0.8359587661750001
MERCER-IL,0.8814014872181819
UNION-IL,0.8357486460083333
LIVE OAK-TX,0.8963852104416664
LYON-MN,0.8718140479666667
CLAIBORNE-MS,0.8424116161583334
PANOLA-MS,0.708647806775
KEWAUNEE-WI,0.9474927963818182
NIAGARA-NY,0.8301881265583334
RUSSELL-VA,0.83273447205
MORTON-KS,0.7733837864090909
SUFFOLK CITY-VA,0.8061051203833332
SEMINOLE-GA,0.8018457303999998
HANCOCK-TN,0.8351958850083333
PULASKI-IN,0.9005825917333331
HAMLIN-SD,0.9257229333166667
ELMORE-AL,0.7813132937416666
WASHINGTON-FL,0.7205865228
FANNIN-GA,0.8585340068000001
WARE-GA,0.7702711685833333
ADAMS-ID,0.7608577554875001
CARIBOU-ID,0.9067486535249998
WILBARGER-TX,0.8496362574666668
HARRISONBURG CITY-VA,0.8386398996583333
POTTER-PA,0.8808279353999999
MARION-SC,0.753098128225
CLARK-AR,0.8333221652999999
CRAIGHEAD-AR,0.884833913
JEFFERSON-WA,0.8179524655416667
OXFORD-ME,0.8215034816999999
COSTILLA-CO,0.8155021702333333
WINDHAM-CT,0.7998048005583333
MANATEE-FL,0.7479066355416668
FRANKLIN-IL,0.8118543884083335
JEFFERSON-IN,0.8150295230416665
GARFIELD-NE,0.9528000000000001
COLFAX-NM,0.7441008154454544
SOCORRO-NM,0.7196654711333333
PRINCE GEORGE-VA,0.8300878136166667
FREDERICKSBURG CITY-VA,0.8017062706250001
RALLS-MO,0.9079468531454545
VALLEY-MT,0.9010209727299999
SNYDER-PA,0.8584003963666667
GEORGETOWN-SC,0.8535629771833334
BUCHANAN-IA,0.9344314708999999
HURON-MI,0.8896716035583333
WAKE-NC,0.8453814347166668
BURLEIGH-ND,0.8745351400666667
CAVALIER-ND,0.963012195125
DICKEY-ND,0.848860089175
FULTON-OH,0.8985785769583333
NATCHITOCHES PARISH-LA,0.7179336272666667
OGLETHORPE-GA,0.7750734904833334
SAGUACHE-CO,0.7734649684833333
WRANGELL-PETERSBURG-AK,0.825952381
WALSH-ND,0.8678299285625
CHAVES-NM,0.69279043885
ORLEANS-NY,0.8563727468000001
SAN BENITO-CA,0.8338875633499999
KENT-DE,0.8124041084
BRISCOE-TX,0.9434880952375
SHERMAN-TX,0.9068534482749999
FLOYD-GA,0.8007205877916667
LOWNDES-GA,0.7478941226083334
NOBLE-IN,0.8419229318083333
PORTAGE-WI,0.9135316275833333
SEMINOLE-OK,0.8010430789083333
JOSEPHINE-OR,0.6900342765
SIMPSON-MS,0.7516759259250002
POWELL-MT,0.8577399061
ALEUTIANS WEST CENSUS AREA-AK,0.8311792674
ALPINE-CA,0.377
TURNER-SD,0.9251996376
SAN FRANCISCO-CA,0.7650450857499999
ACCOMACK-VA,0.7985307443333332
BRAZORIA-TX,0.8896639245333332
HOCKLEY-TX,0.8638806435166666
CUSTER-NE,0.9145779894727274
FILLMORE-NE,0.9001382708333333
HUMBOLDT-NV,0.7646164984000001
BUFFALO-WI,0.9314996314916666
DENT-MO,0.9159074915916667
CLEVELAND-NC,0.8118891734
BOWMAN-ND,0.9607843137333333
ROLETTE-ND,0.6946485485499999
LEMHI-ID,0.7603921358272728
HARRISON-IN,0.9142954114166667
MADISON-IN,0.8075287261166667
OWEN-IN,0.8440171886083334
HOUSTON-TN,0.9110979591833335
LE SUEUR-MN,0.8772671732583334
STEARNS-MN,0.8395736233000002
CANADIAN-OK,0.88246014505
OKMULGEE-OK,0.8128889359416666
COLLETON-SC,0.7494266183666666
FAYETTE-GA,0.8720595476333334
POLK-MO,0.8776548076583334
KING WILLIAM-VA,0.8886034488166668
MONTMORENCY-MI,0.7966935193333332
COLLIER-FL,0.8046601917333334
WASHINGTON-ME,0.8575979134875
MARENGO-AL,0.8533849183916667
RANDOLPH-AR,0.893212556325
CIBOLA-NM,0.6827258128916668
MONTGOMERY-NY,0.7315870046666667
BECKHAM-OK,0.78270108275
OTTAWA-OK,0.7802030922583333
CHESTER-PA,0.8908551853916666
PERRY-PA,0.8562588857083333
BEE-TX,0.8491376136916667
QUITMAN-MS,0.7078175852999999
GENTRY-MO,0.9030745843333333
MADISON-MT,0.9311638063
ROSEBUD-MT,0.77006320755
BOYD-NE,0.9631666666666666
MASSAC-IL,0.8306858352999998
SHELBY-IL,0.8867973378166667
WHITE-IL,0.8757345075083333
GRUNDY-IA,0.9418175271857143
UPSHUR-WV,0.7927393890666665
HARDIN-IA,0.9231420863583334
FURNAS-NE,0.9195346972833334
EUREKA-NV,0.9500000000000001
MCCRACKEN-KY,0.8619104640250002
MOREHOUSE PARISH-LA,0.650863387975
WASATCH-UT,0.9022687312727274
LOGAN-KS,0.9122104938333333
TRANSYLVANIA-NC,0.8387299084833333
PIERCE-ND,0.88920614035
BROWN-OH,0.8739573160416666
GOGEBIC-MI,0.8267779502416667
GWINNETT-GA,0.7569471107166668
COOPER-MO,0.9262955258250001
FOREST-WI,0.8608312550999999
WHEELER-OR,0.5711335107857144
BURLINGTON-NJ,0.9136052214666668
PIKE-IL,0.8087919495583332
PARKE-IN,0.852848846625
EMMET-IA,0.9117571163833332
ATASCOSA-TX,0.891831277425
BRAZOS-TX,0.8251388524249998
KLEBERG-TX,0.8219689298833334
PIERCE-NE,0.9587230286555555
LINCOLN-SD,0.8854477066166666
ZIEBACH-SD,0.6991953543090909
LYNCHBURG CITY-VA,0.773661551575
BATH-VA,0.8729365671625
AURORA-SD,0.8904318964
SANBORN-SD,0.9237129629499999
ISLE OF WIGHT-VA,0.874034686975
PAGE-VA,0.915522727275
NELSON-ND,0.9335625
TODD-KY,0.9164375538666666
WAYNE-KY,0.8880410412833334
RAINS-TX,0.9073768115916666
MCDOWELL-WV,0.7823753787916665
POCAHONTAS-WV,0.858321652425
JUNEAU-WI,0.8735489579250001
DE WITT-IL,0.8598111091166666
MCLEAN-IL,0.8628851902500001
BOONE-IN,0.9406217290666664
BUTLER-KY,0.8711424105333333
MARQUETTE-MI,0.8591836651499999
WASHINGTON-MS,0.6406692934916666
CEDAR-MO,0.8839248452083334
LACLEDE-MO,0.8992339492916668
ST. CHARLES-MO,0.8964317405833334
FLATHEAD-MT,0.85374669276
TRUMBULL-OH,0.8554993724083335
UNION-NM,0.8352962963
OTERO-CO,0.8256557280249998
TREASURE-MT,0.7958888888833333
BARNES-ND,0.9005991367
LAWRENCE-MS,0.7815372340416668
DEKALB-AL,0.8312672177583332
COOK-GA,0.7685370520083334
WALLA WALLA-WA,0.8203671680000001
MILWAUKEE-WI,0.7445116685166667
SHERIDAN-WY,0.8458450061499999
SOMERVELL-TX,0.9050754040727274
HALIFAX-VA,0.8159390681
YORK-VA,0.9295028735666667
WAYNE-NE,0.9359074189583332
FRANKLIN-KS,0.8300218011916666
COLLINGSWORTH-TX,0.9109120370375
MINERAL-CO,0.89474285714
MCCREARY-KY,0.8774879504916666
OWEN-KY,0.8691825845666666
ST. TAMMANY PARISH-LA,0.7958849722833333
WASHINGTON PARISH-LA,0.7589793503916668
WAYNE-TN,0.9192527951416666
ARCHER-TX,0.9667036581636363
MUSKINGUM-OH,0.8852944965166665
MISSAUKEE-MI,0.8623400379166668
HOUSTON-MN,0.7207059892
JASPER-MO,0.8414439689083332
WASHOE-NV,0.7323579694666668
TROUP-GA,0.7221840492333335
BENEWAH-ID,0.7752828644
NEW KENT-VA,0.8592019230750001
RICHMOND-VA,0.8333731884083333
HOPEWELL CITY-VA,0.7529017957333334
GRAHAM-KS,0.9283430894333332
LOS ANGELES-CA,0.7565069864583333
ADAMS-IA,0.9292321029833333
GRAHAM-NC,0.8556383176749999
ESSEX-MA,0.8383995021166667
HENRY-IA,0.8860317794833334
GREENE-MS,0.7903630536166667
NOXUBEE-MS,0.698373015875
LOGAN-AR,0.894627049075
NEVADA-AR,0.8798864632833333
ST. FRANCIS-AR,0.7563615995999999
MONROE-GA,0.7960872950583333
OSCEOLA-IA,0.95023533875
BENTON-MO,0.8802298354916668
NEW MADRID-MO,0.8819671047999998
PEMISCOT-MO,0.8361764384249999
FERGUS-MT,0.8545027101500001
LEBANON-PA,0.854510055525
HENRY-TN,0.8546096769583332
SOUTHAMPTON-VA,0.7957500000000001
PHILLIPS-CO,0.8471357228
SAN JACINTO-TX,0.8602624319916666
DOOLY-GA,0.6481912546499998
NOTTOWAY-VA,0.7817398374
ANDERSON-SC,0.8081341528416667
DEKALB-TN,0.8863544843916666
MARTIN-TX,0.9439582280000001
BAXTER-AR,0.8428174998583334
MADISON-AR,0.8732168689916665
RICHLAND-WI,0.9388053912416666
FRANKLIN-IA,0.9412543247499999
MARSHALL-MN,0.91069649215
CARROLL-IL,0.88381297465
CLAY-MS,0.7150289855083334
POTTAWATOMIE-OK,0.7883912408499999
CHESTER-SC,0.7889658037416667
SEQUATCHIE-TN,0.8318928555916667
BIBB-GA,0.6241484383666667
GASTON-NC,0.809595737175
PEMBINA-ND,0.8319444444499999
STEELE-ND,0.9466608946666666
WASHINGTON-MD,0.9015803893083335
OGLE-IL,0.9188313186166667
WARREN-MO,0.8896844630083333
JEFFERSON-IA,0.8919319413500001
SHELBY-AL,0.8893790483166667
WHEATLAND-MT,0.914360869575
FREMONT-CO,0.7621393587833335
NEW LONDON-CT,0.8597265879000001
TOLLAND-CT,0.88455105925
OKALOOSA-FL,0.8404798708916666
LASALLE-IL,0.82807980945
WAYNE-MI,0.74362744635
ISANTI-MN,0.8138056018583333
LUBBOCK-TX,0.86397689655
MOORE-TX,0.9139526026249999
RANDALL-TX,0.8935645170666665
SMITH-TX,0.8823971844666668
SWISHER-TX,0.8893786299166667
PORTSMOUTH CITY-VA,0.7564379489249999
TOWNS-GA,0.93263572295
WAYNE-MS,0.72970104895
SANGAMON-IL,0.8201726527166665
MONROE-WV,0.8612083333333334
ANDERSON-KS,0.907069686675
PRINCE OF WALES-OUTER KETCHIKAN CENSUS AREA-AK,0.5826492238000001
MORGAN-CO,0.7522991365583332
NUECES-TX,0.8317450880083332
SENECA-OH,0.9122039675999999
PAWNEE-OK,0.8484459914083332
WINKLER-TX,0.9088929928416666
BOTETOURT-VA,0.8985092592583332
ALBANY-WY,0.8284011512833332
CARROLL-MD,0.9469720387333331
VALLEY-NE,0.9614587309666666
IDAHO-ID,0.8384998728249999
BUTLER-KS,0.8839469423083332
MCPHERSON-KS,0.8943058553166666
TAYLOR-IA,0.9113966800000001
PENNINGTON-SD,0.7768161928666665
FENTRESS-TN,0.8321978373666669
DECATUR-IA,0.9463269316571428
MOULTRIE-IL,0.9033030454
PERRY-IN,0.8824056247333334
YUBA-CA,0.7484739090583336
CRAWFORD-GA,0.6580278126166667
ADA-ID,0.811886602675
ST. MARTIN PARISH-LA,0.7601908831916666
BERKSHIRE-MA,0.8448048247416667
KOSCIUSKO-IN,0.8671109206583334
CLINTON-KY,0.8785113343416667
GREENE-AL,0.6956262348250001
WESTMORELAND-PA,0.9132231728083333
DECATUR-TN,0.8727394957916667
WHITMAN-WA,0.893807483625
WEBSTER-WV,0.8654149717499999
JUDITH BASIN-MT,0.9231025641
SULLY-SD,0.93866666666
MERRIMACK-NH,0.851157320375
THOMAS-KS,0.8665059312083333
FRANKLIN-FL,0.6288285861249999
LIBERTY-TX,0.8706692652583333
CUMBERLAND-ME,0.8691230663583331
OSCEOLA-MI,0.830514037475
STEELE-MN,0.8565598731833334
SMYTH-VA,0.8502801418416666
PAULDING-GA,0.7784064778
ROANOKE CITY-VA,0.727207540875
ADAIR-IA,0.9455059929166666
CABELL-WV,0.7733060669416667
ROANE-WV,0.8201843042083333
IRON-MO,0.9089178279083333
TEXAS-MO,0.8904800348166666
DAY-SD,0.9044840216666666
DADE-MO,0.9024356069833335
JONES-GA,0.7544520213416668
BOX ELDER-UT,0.8694190589363635
BRISTOL CITY-VA,0.7519024822666668
UNION-NC,0.9010000341583333
WEST FELICIANA PARISH-LA,0.8207674418571428
BRISTOL-MA,0.8342830877499999
MADISON-IL,0.8413887184916667
HUTCHINSON-SD,0.8692457455166668
YORK-NE,0.9356666065166667
LYON-NV,0.7613223173999999
BELKNAP-NH,0.8742221927916667
CAMDEN-NJ,0.8526348184916666
LEA-NM,0.7743368134416667
MORA-NM,0.7628575268833333
GENESEE-NY,0.8607338485416668
LAMAR-AL,0.781827067675
DESOTO-FL,0.6094007670416667
PUTNAM-FL,0.6480113997333333
PULASKI-KY,0.8897515473583333
ADAMS-MS,0.6513310055833335
HARRISON-MS,0.7706291057833333
UPTON-TX,0.9404166666624999
TALLAHATCHIE-MS,0.7014367926333333
BLAINE-NE,1.0
CRISP-GA,0.6989578083916667
MADISON-GA,0.743555587375
PAYNE-OK,0.8609909353916666
UNION-PA,0.9250734187666668
MCNAIRY-TN,0.8914525132249999
RHEA-TN,0.8394937462166668
LEE-IL,0.8248216044416669
MARATHON-WI,0.9333265938499999
HAMILTON-OH,0.7853420829083335
GREELEY-KS,0.9212166666666667
HASKELL-KS,0.84745213675
CHICOT-AR,0.8558675622249999
BEXAR-TX,0.8350568270500002
JIM WELLS-TX,0.7790066628833333
LAMAR-TX,0.9079840292166664
LOVE-OK,0.8150308710833335
LANE-OR,0.706282967325
LAWRENCE-MO,0.8703458763833334
STODDARD-MO,0.90994602385
FRANKLIN-VA,0.8374549742749999
MECKLENBURG-NC,0.8050853322166666
NASH-NC,0.776918698975
MAHASKA-IA,0.8901244425416667
LINN-KS,0.8981196039916668
APPLING-GA,0.7647573322333332
MCHENRY-ND,0.94071455365
CHEROKEE-AL,0.8002333346166668
SONOMA-CA,0.8129484458166667
PETERSBURG CENSUS AREA-AK,0.9024621212
RAMSEY-MN,0.7480277964083334
LARUE-KY,0.9401778320999998
OURAY-CO,0.9225901129333334
ANSON-NC,0.7807921926416665
BEAVER-OK,0.8407670533166667
SCHUYLKILL-PA,0.8708590510833334
HALE-TX,0.8682969663416668
WASHINGTON-RI,0.8840368831083332
CHEROKEE-KS,0.87369556925
CRAWFORD-KS,0.8617193073666668
ELLIS-KS,0.8698059845583334
KITSAP-WA,0.8235948194916668
KINGMAN-KS,0.8464312481833334
HENDERSON-KY,0.8846252623000002
CALVERT-MD,0.9194444751833332
BLEDSOE-TN,0.7974726678333334
RANKIN-MS,0.8164375296583334
OSWEGO-NY,0.7835316019583333
BANKS-GA,0.8233995255083334
BONNEVILLE-ID,0.8235403068
WYANDOT-OH,0.9398932182666666
POCAHONTAS-IA,0.9319158408166667
CONCHO-TX,0.9443541666625
MASON-TX,0.9914285714285713
MONTEREY-CA,0.7820907409166667
JACKSON-CO,0.8309565217333331
WALTON-FL,0.7647479940999999
COMAL-TX,0.9213558741416668
MADISON PARISH-LA,0.5912891566249999
BOONE-MO,0.890901289975
SCHLEY-GA,0.8373868888249999
WILKES-GA,0.7088390727166667
PUTNAM-OH,0.9623855428666666
MARSHALL-OK,0.7793501102833331
BERKS-PA,0.84084628835
AIKEN-SC,0.7938668425
SCOTT-IA,0.8573555144583334
COWLEY-KS,0.8240034141916667
OTTAWA-KS,0.9268097234142857
BURKE-NC,0.8644376066916667
SCOTLAND-NC,0.8151530202916667
CULLMAN-AL,0.8303422615916668
SITKA BOROUGH-AK,0.8272638686583335
PINAL-AZ,0.7293924020916668
LEE-AR,0.71091288294
ELKHART-IN,0.8425479400583334
WASHINGTON-IN,0.8764270354833333
BARRON-WI,0.9083159315166666
OCONTO-WI,0.8854853624583333
FREMONT-WY,0.7104817847333332
RUSSELL-KY,0.9038520113666668
WARREN-KY,0.9136714392999999
DE SOTO PARISH-LA,0.826615942025
MENOMINEE-MI,0.7913735940833334
WINONA-MN,0.8349143814666665
ROSS-OH,0.8564601231999999
STARK-OH,0.8749678935166666
CREEK-OK,0.796611043475
GRIGGS-ND,0.9304629629750001
LIBERTY-GA,0.7421254184916667
PUTNAM-GA,0.7436035569
CAMAS-ID,0.8782857142857142
PARK-MT,0.88436421442
LEWIS AND CLARK-MT,0.8655309979999999
WIBAUX-MT,0.9417888888833333
LINCOLN-TN,0.9141383615333333
TETON-MT,0.9308212765999999
SARGENT-ND,0.9541990968999999
BOUNDARY-ID,0.8036678937333334
ROGER MILLS-OK,0.7182982875333334
BRADFORD-PA,0.8653724854749999
MEIGS-TN,0.8945155684499998
SOLANO-CA,0.7857027081416667
MADISON-FL,0.6421491280916667
ST. FRANCOIS-MO,0.8925911017166666
PAWNEE-NE,0.9517676670499999
ANTRIM-MI,0.8851404431083333
PENNINGTON-MN,0.8781670802416667
SUSQUEHANNA-PA,0.8896582905166666
COCKE-TN,0.8817126091583333
KANAWHA-WV,0.7549481055416667
WIRT-WV,0.8845444444416666
WAUPACA-WI,0.9125572786666668
STARK-IL,0.9065552616083336
BENTON-IA,0.8877565291166666
WINCHESTER CITY-VA,0.850245224575
ROUTT-CO,0.90943421245
TARRANT-TX,0.8506755919000001
GARFIELD-UT,0.8693477586899998
COMANCHE-TX,0.923457263875
DILLON-SC,0.7893694885749999
CHARITON-MO,0.9262172763666667
CRAWFORD-MO,0.8479475119250001
GRATIOT-MI,0.8350569476333333
REDWOOD-MN,0.8861689952833333
LEAKE-MS,0.7309535519166667
GREENE-NY,0.804703617575
CACHE-UT,0.8955271024636361
CARROLL-OH,0.9080741343416664
MADISON-OH,0.8592212431083333
SANTA CRUZ-CA,0.8446469204666665
GULF-FL,0.8227779109750001
ANGELINA-TX,0.8894953115500001
CHEROKEE-TX,0.8736252326416666
GILLESPIE-TX,0.9545071465166665
MCCULLOCH-TX,0.9397922132083334
LEWIS-KY,0.9412156471916665
MONROE-OH,0.8863212719333334
HOOD RIVER-OR,0.8247749012333334
BEDFORD-PA,0.9115069465416665
CLARION-PA,0.9000218637
CUMBERLAND-PA,0.8947250287583334
RICE-MN,0.8242288442166666
ARLINGTON-VA,0.8377011412250001
CHARLOTTESVILLE CITY-VA,0.8346935335166669
ISLAND-WA,0.8197330180666667
LINCOLN-WY,0.8641736744416667
STANISLAUS-CA,0.8370821925583334
HAMILTON-FL,0.6408348479083333
LAKE-FL,0.7745582453250001
PASCO-FL,0.7615310563166666
WEAKLEY-TN,0.8690598038249999
FREESTONE-TX,0.9378138438249999
HARRIS-TX,0.8249722667
HOWARD-TX,0.8581670069583333
OTERO-NM,0.7808533378166668
PUTNAM-MO,0.8999340396428572
NICHOLAS-KY,0.8910664913916667
CHARLES-MD,0.9068587602083333
STANTON-NE,0.8864947368399999
SHAWNEE-KS,0.8000482787333333
CAMPBELL-KY,0.8853130525666666
DOUGLAS-GA,0.7877611923750001
OWSLEY-KY,0.8844668208888888
WEBSTER PARISH-LA,0.7463720136499999
ALLEGANY-MD,0.8892214949583334
FRANKLIN-PA,0.8558216628666667
CALHOUN-MS,0.7917870370333334
MADISON-AL,0.8316406154583332
WILKINSON-MS,0.6798560606083334
CLAY-MO,0.9256611768166665
DALLAS-MO,0.8577370324749999
BOLLINGER-MO,0.8872945625624999
WASHINGTON-NE,0.9375117893166668
PUTNAM-TN,0.87172868145
DUNN-WI,0.9263116457999999
SEQUOYAH-OK,0.8247479901500001
VERMILION PARISH-LA,0.8474746065833333
ORANGE-NC,0.8733669834416665
EMANUEL-GA,0.75073338945
GEM-ID,0.7738009234916667
TWIN FALLS-ID,0.7738077477166666
WARRICK-IN,0.8894629106333335
FRANKLIN-TX,0.9526666666666666
RIO BLANCO-CO,0.8965277278500001
FAULK-SD,0.90204770115
NOME CENSUS AREA-AK,0.6620371427250001
ALAMEDA-CA,0.8129592543499999
LINCOLN-MT,0.8775596194666667
NESHOBA-MS,0.7754291701166668
VILAS-WI,0.9417497322666667
HENRY-GA,0.8001089736583334
CHOWAN-NC,0.8031893939333333
QUEEN ANNE'S-MD,0.9163444536916666
ALLEGAN-MI,0.8362405002416665
CHAMPAIGN-IL,0.8616978949999999
CUMBERLAND-IL,0.8964846323666666
EL PASO-TX,0.8169479912083334
SHELBY-TX,0.8990162548083335
STAFFORD-VA,0.9056753499916667
OKFUSKEE-OK,0.7561850816000001
LYON-IA,0.9487891024714286
MITCHELL-IA,0.9585782680454545
WAYNE-IA,0.9318201408000001
NEOSHO-KS,0.898319236475
WYANDOTTE-KS,0.7100312199333333
SISKIYOU-CA,0.8877378609916665
HARDIN-TX,0.9183924026333333
REFUGIO-TX,0.9150127010222222
PIKE-MO,0.8766737860083333
POLK-NC,0.8842130237833333
JEFFERSON-IL,0.848672081
KANE-IL,0.8534062360166667
BUENA VISTA-IA,0.7497357423833334
JACKSON-AL,0.8301712660666666
DOUGHERTY-GA,0.67999527385
BUTTE-ID,0.4479892757874999
WAYNESBORO CITY-VA,0.7794056047166666
IOWA-WI,0.9405330309166667
STAFFORD-KS,0.8272928571499999
CUSTER-SD,0.8824036913500001
MCINTOSH-ND,0.8701190476
WELLS-ND,0.9260381426333334
MONTROSE-CO,0.7742891052416668
MUHLENBERG-KY,0.8638105396749999
VALENCIA-NM,0.670273077025
HABERSHAM-GA,0.77698112155
ELMORE-ID,0.6752118241333332
PHILADELPHIA-PA,0.6588502766416667
YORK-SC,0.8317599486749999
DOUGLAS-KS,0.8531013798083332
TIPPAH-MS,0.7632304826583334
HAMILTON-IN,0.876184357675
RADFORD CITY-VA,0.8872247474749999
FERRY-WA,0.79192945325
MINERAL-WV,0.9243869369333333
ONEIDA-WI,0.8874078839999999
FREEBORN-MN,0.77621313295
ATOKA-OK,0.864394740325
CHOCTAW-OK,0.82854167565
CLINTON-PA,0.9103389517500001
HARDING-SD,0.9071904761833333
MONONGALIA-WV,0.8218379156500001
WYOMING-WV,0.8408126888250002
ROCKINGHAM-NC,0.7793834759249999
CLERMONT-OH,0.90547061825
ROCKINGHAM-NH,0.905314727241667
WASHINGTON-AL,0.8551911771333334
HARDEE-FL,0.667016886775
SULLIVAN-NY,0.7512739154583334
DUNKLIN-MO,0.8523295284666667
DILLINGHAM CENSUS AREA-AK,0.5978686389166666
CADDO-OK,0.8141571052666667
GRANT-OK,0.90905465585
ANOKA-MN,0.8127206550916667
KOOCHICHING-MN,0.8341700190500001
RED LAKE-MN,0.9219602064
JEFFERSON DAVIS-MS,0.7227692307714287
GRAFTON-NH,0.9200738043833335
ULSTER-NY,0.8140424450083333
CASWELL-NC,0.7741495333166668
PERQUIMANS-NC,0.8591089205583332
DARKE-OH,0.9186975549166666
MIAMI-IN,0.8900898965249998
SWITZERLAND-IN,0.8687636527833332
RAPIDES PARISH-LA,0.7192631680083333
GIBSON-TN,0.8973838075916666
OBION-TN,0.8341194544583334
WILSON-TX,0.9300962309416668
HOWARD-IA,0.9299062065416667
ATCHISON-KS,0.8353411426749999
ORANGE-CA,0.8645159625833334
SAN DIEGO-CA,0.8156830264749999
FAIRBANKS NORTH STAR-AK,0.68451521692
SAN MIGUEL-CO,0.9587365713166668
SPOKANE-WA,0.8323524167166666
CALHOUN-WV,0.877947368425
MARICOPA-AZ,0.7844330372999999
WORTH-MO,0.92391031745
HORRY-SC,0.7525896705083334
JERAULD-SD,0.8808005807800001
SHELBY-TN,0.7540589143499999
MORGAN-IN,0.8753085311166666
WAYNE-IN,0.8057298106333333
CLEBURNE-AL,0.8994354886249999
NEWTON-AR,0.90068470494
PALM BEACH-FL,0.7738870109750001
HAINES BOROUGH-AK,0.7727819361333333
CASS-MI,0.77075928375
LAKE-SD,0.7896006762916666
HOT SPRINGS-WY,0.8507631398500001
HARRISON-KY,0.8778498108583334
WILSON-NC,0.7576941448363637
LUCAS-OH,0.6908020306166667
HAMPTON CITY-VA,0.819499489275
CATTARAUGUS-NY,0.8027379194583334
JEWELL-KS,0.9102420635
BERRIEN-GA,0.7439387475
LUMPKIN-GA,0.8132240584583333
FORD-KS,0.8549110772833334
GASCONADE-MO,0.9187115780416667
SCOTLAND-MO,0.9401456571
BURLESON-TX,0.8886777266416667
HAMILTON-TX,0.9245765847777778
MARION-TX,0.9222086776833334
PARKER-TX,0.9309910703000001
MARTIN-KY,0.8727787721250001
FAIRFIELD-OH,0.9168761965250001
ARTHUR-NE,1.0
KNOX-KY,0.8467731331916669
OLDHAM-KY,0.9500872395249997
TAYLOR-WI,0.93697587475
DOUGLAS-IL,0.912784824025
MACOUPIN-IL,0.8748409006999999
INDIAN RIVER-FL,0.7991959688333333
JONES-TX,0.9535465998777778
RIPLEY-MO,0.8504608322416668
TIOGA-NY,0.8247035125916667
SANILAC-MI,0.8628185548333333
BUTLER-AL,0.7502759608916666
WAYNE-GA,0.7483038099916666
LATAH-ID,0.8485937951916668
CHASE-KS,0.8689765306166667
CLAYTON-GA,0.6062932916333333
THOMAS-GA,0.7486669504000001
HENRICO-VA,0.8438857944166666
WASHINGTON-PA,0.8985330620833335
HAMPTON-SC,0.7754395664499999
LEE-SC,0.8109468940833334
ROBERTS-SD,0.8135463087999999
SABINE-TX,0.9104993080181817
BERKELEY-WV,0.8511266169166666
TUCKER-WV,0.8747070175416667
SARPY-NE,0.9246637029083332
DAWES-NE,0.6276441533916667
ASHLEY-AR,0.8221891511916667
AUTAUGA-AL,0.8358491561166668
GREENE-MO,0.8700142440416667
DAWSON-MT,0.8508704889999998
ROOSEVELT-MT,0.7348788085545455
YELLOWSTONE-MT,0.8224662768083332
PROWERS-CO,0.7729472188333332
LATIMER-OK,0.7959856319083333
LAKE-IL,0.8839805535749999
KNOX-IN,0.8861150609333333
SHENANDOAH-VA,0.8915588235333333
ALEXANDRIA CITY-VA,0.742097457625
CABARRUS-NC,0.8545018133416665
NEWAYGO-MI,0.7921148947083333
BON HOMME-SD,0.9167211001499999
VIGO-IN,0.8564835489333332
CARROLL-MS,0.6952936507916667
ALLEGANY-NY,0.8509594582083334
SHERIDAN-NE,0.8877589496999999
SUMTER-FL,0.7856993087583334
CLAY-TX,0.9274279298272726
COOKE-TX,0.919537547
CORYELL-TX,0.8918875871833333
UNION-AR,0.8578251898166668
DAWSON-NE,0.8808476925166668
ALBEMARLE-VA,0.8789428173
UNION-KY,0.8756659544166667
DIXON-NE,0.9100217556
HAMILTON-IA,0.9135562326416667
EDMONSON-KY,0.8878132827666668
MALHEUR-OR,0.7583288366
MARSHALL-KS,0.934353454
POLK-AR,0.91553682845
PLUMAS-CA,0.8254912209727272
YOLO-CA,0.8505343475833333
DIXIE-FL,0.769384711775
MIAMI-DADE-FL,0.7343029550583333
ATTALA-MS,0.760961483375
LOWNDES-MS,0.7653729738833333
LINCOLN-WA,0.9034477577285714
PEPIN-WI,0.9670768794454545
PEACH-GA,0.7100436218833334
WHEELER-GA,0.78411194653
FAYETTE-WV,0.7893358974333333
SHOSHONE-ID,0.8130350056750001
EFFINGHAM-IL,0.88814082835
POPE-IL,0.8037647907666665
SALINE-NE,0.8669654773250001
MERCER-MO,0.9367124282499999
KALAMAZOO-MI,0.7716912428833332
TODD-MN,0.8158484811666668
JENKINS-GA,0.7281495614083333
WHITE-GA,0.8232127635583333
BONNER-ID,0.8111422123666666
TRINITY-TX,0.8747636451363636
WINDSOR-VT,0.8517113567750001
ROANOKE-VA,0.908000902525
LEWIS-ID,0.8981851953875
DAUPHIN-PA,0.8128636708416667
WILLIAMS-OH,0.9103952515249999
PITTSBURG-OK,0.8337368553749998
POPE-MN,0.8984069589000002
POWHATAN-VA,0.8914126016250002
PUTNAM-WV,0.8698590909083334
GRANT-WI,0.9374467053000001
TWIGGS-GA,0.7173771503416666
BERTIE-NC,0.7838976168083334
BRUNSWICK-NC,0.8221879211249999
SHELBY-IN,0.8928108650916666
BULLITT-KY,0.8531243601499999
GARRARD-KY,0.8601409204166668
BIENVILLE PARISH-LA,0.8377569444416668
FRANKLIN-NY,0.8064446930083333
THOMAS-NE,0.9
KNOX-TN,0.8595702778666667
HYDE-SD,0.7969406935714287
WHEELER-NE,1.0
SACRAMENTO-CA,0.7925378311333332
OSCEOLA-FL,0.7991083147166668
MASON-KY,0.8897088015083333
PIKE-KY,0.8790993278333333
SIMPSON-KY,0.8832023509
BENTON-MN,0.8893665181416667
SHERBURNE-MN,0.9017962290333332
CHAUTAUQUA-NY,0.8175525886666666
CARROLL-VA,0.8422043010750001
FLUVANNA-VA,0.896555785125
CALDWELL-KY,0.9050447949250001
CLACKAMAS-OR,0.7671171657833334
OCONEE-GA,0.926238450290909
OLIVER-ND,1.0
WOOD-WV,0.8393720018916667
PETTIS-MO,0.9266224199166665
JOHNSON-KY,0.9190143942
BOSSIER PARISH-LA,0.791690693225
FOARD-TX,0.96201630435
MATAGORDA-TX,0.8808769260416667
YUKON-KOYUKUK CENSUS-AK,0.54692524252
BROOKS-GA,0.6881684495166667
LAWRENCE-SD,0.8160676681583333
MCMINN-TN,0.8944305837833334
BOONE-NE,0.9369310949555556
STEPHENS-TX,0.9021197916666664
JUAB-UT,0.9266818829090908
WOODBURY-IA,0.8726650774833336
NORTON-KS,0.9030983193285715
DEKALB-MO,0.9100781323333332
HARPER-OK,0.8102280239833334
MORROW-OR,0.7852827561583333
DELTA-MI,0.8358051120166667
DICKINSON-MI,0.8633988354666666
HANOVER-VA,0.9120368773916665
ROCKINGHAM-VA,0.8893160854833333
BUTTS-GA,0.733554486425
HOWARD-IN,0.8299552036916668
CALHOUN-IA,0.9494191190666667
LINCOLN-KS,0.8736858024666665
CALLOWAY-KY,0.9368111743416666
ERATH-TX,0.7149878025333335
NODAWAY-MO,0.9251936877500001
PASSAIC-NJ,0.8177325776666668
DUTCHESS-NY,0.820284261975
YELL-AR,0.8397066395833334
BEN HILL-GA,0.7267742824083334
BENSON-ND,0.70543196805
WARD-ND,0.8514584221499999
MERIWETHER-GA,0.7549542228999999
MANITOWOC-WI,0.8945445635416666
MENOMINEE-WI,0.8272898136888889
PARK-WY,0.8671426941000001
YOUNG-TX,0.9484880988083334
JEFFERSON-OR,0.6666306175583335
CANNON-TN,0.82457668825
MONMOUTH-NJ,0.9280709226833332
DOUGLAS-OR,0.670241175325
ISABELLA-MI,0.8013357304
JACKSON-MI,0.7727199892583334
WEBB-TX,0.8692062178666665
SUMMIT-UT,0.9283710864363635
CROOK-WY,0.9403005471500001
MERCED-CA,0.8754150991833334
CLEAR CREEK-CO,0.81603954781
HOUSTON-GA,0.8014825608249999
LAMAR-GA,0.7675445414166665
POLK-GA,0.7095568124749999
HANCOCK-IN,0.9070776249333333
HENRY-IN,0.8833808479416666
TIPPECANOE-IN,0.8365206789333334
WHITLEY-IN,0.9026522518583334
KNOTT-KY,0.8479770973083333
BAY-MI,0.7890710999833334
DAVIDSON-NC,0.8080304982333333
CLAY-AL,0.8150430806916668
JACKSON-MO,0.8127361468333332
DEWEY-SD,0.7910620731625
BELL-TX,0.8065544321166668
RUNNELS-TX,0.9245422754363637
CAMPBELL-SD,0.8323525641
DOUGLAS-SD,0.9922903225833334
HIDALGO-NM,0.7798358730333333
SANTA FE-NM,0.6341897166333332
IRION-TX,0.9510000000000001
MEADE-SD,0.8347226879749999
MOORE-TN,0.9031863255750001
FULTON-NY,0.7460605351416666
JEFFERSON-NY,0.8176552448583334
PIERCE-WA,0.7810870628500001
BROWN-WI,0.8854165932750001
CARBON-WY,0.7666602205583334
DUVAL-FL,0.7065674560666667
MONROE-FL,0.7464101717333333
GONZALES-TX,0.8629706262416668
PHILLIPS-KS,0.9253283505166667
WOODWARD-OK,0.8107613154249999
MARION-TN,0.8033507460416667
MORGAN-TN,0.9356526267166666
SMITH-TN,0.8996460126083333
MARION-MO,0.8963517778083331
KNOX-IL,0.8324789001083333
MCDONOUGH-IL,0.8649873987666666
LAKE-MN,0.8849759548749999
SEWARD-NE,0.9497329703333334
SALEM-NJ,0.8625951232666668
LEON-TX,0.9250451462800001
DAKOTA-NE,0.8516067970749998
DECATUR-KS,0.8964333333399999
O'BRIEN-IA,0.8971699994166668
CAROLINE-MD,0.8465574450000001
IREDELL-NC,0.8756373733583334
DEFIANCE-OH,0.92855541535
YOAKUM-TX,0.95137591835
MORRIS-KS,0.9294368179428572
EL PASO-CO,0.7816044967750001
PARK-CO,0.8244505554583333
WELD-CO,0.7863431233666667
MARTIN-FL,0.8391068344583333
MASON-MI,0.8273481150166666
WILKIN-MN,0.8628291757555555
UMATILLA-OR,0.7308499879416667
BUCKS-PA,0.9237159111
BLANCO-TX,0.9524705645499999
DEBACA-NM,0.8706358024666668
CLINTON-NY,0.8226835603749999
MADISON-NY,0.8424954327666666
SMITH-MS,0.788475975975
CLEBURNE-AR,0.883738739875
GOLDEN VALLEY-ND,0.708841463425
HOOKER-NE,0.9797666666666666
PLATTE-NE,0.8864658673666668
CATOOSA-GA,0.7909598966916668
GORDON-GA,0.8473846096250001
ALLEN-KS,0.8726681362500001
FULTON-KY,0.872555735925
BEAVER-UT,0.8459798831636363
PIUTE-UT,0.9683333333333334
LEE-VA,0.7661271271250002
CHEROKEE-OK,0.81175904465
CALDWELL-MO,0.9455158819374999
STONE-MO,0.9033898909416668
MONTEZUMA-CO,0.6850721048666667
HOPKINS-TX,0.9070342230583335
SCURRY-TX,0.890389746925
COLONIAL HEIGHTS CIT-VA,0.86
DREW-AR,0.8654461444416667
YAKUTAT BOROUGH-AK,0.82776190476
LAKE-MI,0.6618351488833333
FORREST-MS,0.7387962400583334
COVINGTON CITY-VA,0.7263000000000001
MEDINA-OH,0.9412699703833333
BUTLER-PA,0.9272463448916667
MADISON-KY,0.8932882294666666
IBERIA PARISH-LA,0.7374676060916666
LINCOLN-CO,0.8116435903833333
BRISTOL-RI,0.9089431642750001
DORCHESTER-SC,0.7997837641583333
TERRY-TX,0.8951068341916667
CONVERSE-WY,0.8491616642416667
ALFALFA-OK,0.9271861544833334
TAOS-NM,0.7051679279833333
NACOGDOCHES-TX,0.8611269607083334
SHANNON-MO,0.8720558012583332
BOTTINEAU-ND,0.9185446699166667
COLUSA-CA,0.8392896752083333
JEFF DAVIS-GA,0.7865195692416668
ELLSWORTH-KS,0.8613481481499999
TREGO-KS,0.8957507246333334
SKAGWAY-HOONAH-ANGOON CENSUS AREA-AK,0.605045954825
LANIER-GA,0.7116934760166665
TALBOT-GA,0.5743999999999999
CHARLESTON-SC,0.7790016689083333
JASPER-SC,0.7408187714416666
SAN MIGUEL-NM,0.7193927195666667
WASHINGTON-NY,0.7833780767166667
LAWRENCE-IL,0.7914045364
FORT BEND-TX,0.9142893937333333
ORANGE-TX,0.8793555997083334
COVINGTON-AL,0.8322074337416666
POINSETT-AR,0.7979052597916666
PEND OREILLE-WA,0.8640571002583334
THURSTON-WA,0.8062631077333333
UPSHUR-TX,0.9308717991666668
PATRICK-VA,0.8738662182333333
TANGIPAHOA PARISH-LA,0.7155193156749999
MONTGOMERY-MD,0.8779195851666667
ST. CLAIR-MO,0.8713589806666667
BRYAN-OK,0.8338669212416668
PUSHMATAHA-OK,0.8390826709500002
FLORENCE-SC,0.7930423539416668
RUTHERFORD-TN,0.9142738234833332
MACON-GA,0.6867861518166668
PAYETTE-ID,0.7924684999083335
TAMA-IA,0.9217661372833333
RICE-KS,0.8564567010333334
CLAIBORNE PARISH-LA,0.7932407407416666
ALPENA-MI,0.755769919225
CHAMBERS-AL,0.7670558777749998
MOFFAT-CO,0.830052319725
VERMILION-IL,0.7923712520666667
MAGOFFIN-KY,0.8970520616833335
BOLIVAR-MS,0.7481533555416667
ITAWAMBA-MS,0.78775180505
SUTTON-TX,0.9525333333299999
FALLS CHURCH CITY-VA,0.9662
STEWART-GA,0.6876199023166666
GUILFORD-NC,0.8662364740166667
EMMONS-ND,0.9225223496
CLEARWATER-MN,0.8034796864499999
MORRISON-MN,0.8691771844833333
LINCOLN-GA,0.7996777158416668
JEFFERSON-ID,0.8713963764666666
WALKER-TX,0.76784598865
SHAWANO-WI,0.9010843482833333
PITKIN-CO,0.9598187614666668
GADSDEN-FL,0.5559613349583333
LE FLORE-OK,0.8347205120833333
SHERIDAN-KS,0.9526076576499999
HARLAN-KY,0.8253256217583332
MONROE-MO,0.9163772550000001
KENT-RI,0.8419139862500001
SANTA ROSA-FL,0.8213305968249998
KINNEY-TX,0.8717796610222222
LLANO-TX,0.9116302083333331
ROCK ISLAND-IL,0.86392590285
EAST FELICIANA PARIS-LA,0.725
SHELBY-IA,0.9592314587000002
NEMAHA-KS,0.9409294422916665
ANCHORAGE BOROUGH-AK,0.7619050012833334
DARE-NC,0.911348512
BRYAN-GA,0.8195663916583333
ST. JAMES PARISH-LA,0.776672558925
BALTIMORE-MD,0.8521365573666668
TULARE-CA,0.823066462475
TUOLUMNE-CA,0.8421161782416666
MARSHALL-MS,0.7297272393416666
NAVARRO-TX,0.8889910583583333
REEVES-TX,0.8899667470333332
BEDFORD CITY-VA,0.87275
SKAGIT-WA,0.7422976453666666
GREENBRIER-WV,0.8197841604666666
DOOR-WI,0.9362150974333333
SALINE-MO,0.8787525254416666
MISSOULA-MT,0.87906803055
SANDUSKY-OH,0.9154921103083332
LEXINGTON CITY-VA,0.832
WARREN-PA,0.8724902804666668
HILL-MT,0.7201995541999999
RED WILLOW-NE,0.9183406694833334
SCHOHARIE-NY,0.8073679862833333
JEFFERSON-WV,0.8529682831666667
BIG HORN-WY,0.7945257218454546
RIVERSIDE-CA,0.8329758517250001
WRIGHT-IA,0.9391892079
JACKSON-TX,0.9206895249916668
WRANGELL CITY-AK,0.8875
TILLAMOOK-OR,0.8121536567416667
SPENCER-KY,0.91932278086
HARFORD-MD,0.8786953838333335
MADERA-CA,0.791370846425
MODOC-CA,0.8791644013545455
NEVADA-CA,0.7416924782750001
FAIRFIELD-CT,0.8723579404666667
ARKANSAS-AR,0.8482211676166665
JONES-MS,0.7636246825666667
REAL-TX,0.741178571425
FRANKLIN-MO,0.86435968995
ESSEX-NY,0.84964649445
COWLITZ-WA,0.79465450065
BOONE-IL,0.8146616320916668
KING AND QUEEN-VA,0.6846129943500001
CHEROKEE-IA,0.9206211539
DESCHUTES-OR,0.7351788223416666
FULTON-PA,0.8725402715727274
FRANKLIN-NC,0.8104866769000001
MCKENZIE-ND,0.8244584017181819
HENDERSON-IL,0.83434929577
JERSEY-IL,0.8698718304333335
JOHNSON-IN,0.8980223918416668
HOWELL-MO,0.9093764087249999
CARROLL-NH,0.9091135715083333
WOOD-TX,0.9313029921499997
CAMPBELL-VA,0.83398534055
ORANGE-VA,0.8876189710583332
IOWA-IA,0.9350057274083333
JEFFERSON-KS,0.9349260916333333
WEBSTER-KY,0.8533075401166665
FAIRBANKS NORTH STAR BOROUGH-AK,0.6802421367428572
SOUTHEAST FAIRBANKS CENSUS AREA-AK,0.5821245913166667
RANDOLPH-NC,0.8529425031833333
HANCOCK-OH,0.9022530685166666
HANCOCK-WV,0.8632302313333335
UINTA-WY,0.8364783517
HUERFANO-CO,0.7926668197333333
PICKAWAY-OH,0.8886876015749999
LACKAWANNA-PA,0.8744842976916666
MCLENNAN-TX,0.8672388618833332
WEBSTER-GA,0.8242107142749999
SAWYER-WI,0.8475157576583333
WALWORTH-WI,0.9033982566666667
DAWSON-TX,0.8828792109
BEAVER-PA,0.7816114418166666
OHIO-KY,0.8942579216416666
ST. LANDRY PARISH-LA,0.67390104575
GRANT-AR,0.8341822117916666
HIGHLAND-OH,0.8726775273083334
LINCOLN-ME,0.7966005447333333
GRANT-KS,0.78787884615
GREER-OK,0.8591696165333333
EVANGELINE PARISH-LA,0.6969493980416667
SOMERSET-ME,0.8279405033083332
LIBERTY-FL,0.7074990663
EDGEFIELD-SC,0.7946164576166668
MADISON-TN,0.8494456824916666
BARTON-MO,0.8868665152499999
PEARL RIVER-MS,0.7628168732833335
STEVENS-MN,0.9164406509166666
GREENE-IL,0.8474040760909091
PITT-NC,0.7518857902583335
LAURENS-GA,0.7522669367666666
NOWATA-OK,0.8690560271699999
ESCAMBIA-AL,0.7945844811750001
SUMTER-AL,0.8049721987166668
AMADOR-CA,0.8543488146999999
CONTRA COSTA-CA,0.8387261794333333
MORGAN-KY,0.8551720969916667
POINTE COUPEE PARISH-LA,0.6392322404333334
NEWBERRY-SC,0.8003013163666667
NATRONA-WY,0.7423620266750001
OSAGE-KS,0.8998681452499998
STANTON-KS,0.8303757575833334
BRADFORD-FL,0.714792590375
DES MOINES-IA,0.8078955506083333
LAMOILLE-VT,0.9001800184916666
EMMET-MI,0.8793333200499999
NORFOLK CITY-VA,0.7132442023666666
YALOBUSHA-MS,0.6971419388083334
DAVIESS-MO,0.8777575505142857
HOLT-MO,0.9096436297333333
SILVER BOW-MT,0.81448710843
ANDROSCOGGIN-ME,0.7876466191083334
BARNSTABLE-MA,0.8759372917666668
POLK-FL,0.7034118446249998
LANCASTER-PA,0.8798717487166668
CHESTER-TN,0.878783942325
CLARKE-VA,0.9571178861749999
HOLT-NE,0.9325938530875001
COMANCHE-KS,0.9424
CASEY-KY,0.894471394
WESTCHESTER-NY,0.8613611268000002
MCDONALD-MO,0.8686323147333334
BARBOUR-WV,0.8383193370166667
DALLAM-TX,0.8870880968
RANDOLPH-IN,0.8840640602083335
CANDLER-GA,0.7359606168916667
SUMTER-GA,0.7112113167583334
TOOELE-UT,0.8500637767
OTTER TAIL-MN,0.80928033945
MARION-KY,0.89471915665
CHARLOTTE-FL,0.8070235018583333
ORANGE-FL,0.7621041391916666
CHISAGO-MN,0.82400235465
CRANE-TX,0.8376388888916666
EDWARDS-TX,0.9146964285750001
PRESIDIO-TX,0.8729076947583333
MITCHELL-KS,0.9315870646833334
GILA-AZ,0.7377042704916668
GOOCHLAND-VA,0.8807676348583334
LUZERNE-PA,0.8722649978833333
MONTGOMERY-GA,0.6429776889818182
TELFAIR-GA,0.7449937016000002
YAZOO-MS,0.6720981704
SWEET GRASS-MT,0.9003231132
HYDE-NC,0.6698910256333334
LEE-NC,0.8473881464916668
NORTHAMPTON-NC,0.767067162125
YANCEY-NC,0.846345280225
MORTON-ND,0.8127699752
CLINTON-IA,0.869221885275
DAVIS-IA,0.9464112273583333
WEBSTER-IA,0.8465279105999999
JACKSON-KS,0.8958382551916667
JEFFERSON-AR,0.7718408750333333
CHARLOTTE-VA,0.8308627450999998
GLOUCESTER-VA,0.8436769972500001
MECKLENBURG-VA,0.8291869918666666
MISSISSIPPI-MO,0.8592438957083334
UNION-SD,0.89087830145
CLAY-TN,0.9537674418583332
ELK-PA,0.9037199459416666
LAS ANIMAS-CO,0.72902130541
DAWSON-GA,0.8418303992166667
HARRIS-GA,0.8541222530666667
WHITFIELD-GA,0.7307708120583333
RUTHERFORD-NC,0.7793316321916666
WILLIAMS-ND,0.8058049615666666
STARKE-IN,0.8396225200749999
LASSEN-CA,0.8025343738249999
HARDIN-KY,0.8873081735833334
LAFOURCHE PARISH-LA,0.815770219525
CHAMPAIGN-OH,0.8620843038333333
CLAIBORNE-TN,0.8419944675333335
JIM HOGG-TX,0.8746462585
MEDINA-TX,0.8951730684166668
JONES-SD,0.9294749999999999
KEITH-NE,0.9112793385363634
JOHNSON-NE,0.8893914518666667
CUSTER-OK,0.8591264729166666
JACKSON-OK,0.7772704889916667
HALL-GA,0.7652266534500001
LEE-GA,0.7763961624500001
BRUNSWICK-VA,0.7680637254916668
GREENE-VA,0.8896330409333334
BUENA VISTA CITY-VA,0.8347375886499999
MANASSAS CITY-VA,0.7460833333333334
CLAY-KY,0.7617500837583333
GALLIA-OH,0.8600155605166667
CARROLL-TN,0.9178571035583333
LAWRENCE-TN,0.8914283843166668
BROWN-TX,0.9097400137083332
HILLSBOROUGH-NH,0.8606813152499999
PRAIRIE-AR,0.8742611080857142
CARBON-PA,0.8737214940083334
FOREST-PA,0.9028740350714287
WARREN-IL,0.8784243927916665
LITCHFIELD-CT,0.8667946929250001
WILSON-KS,0.8570645540714287
AMELIA-VA,0.8663560606083335
ASHE-NC,0.8280974576250001
MIFFLIN-PA,0.8572773832000001
SEVIER-TN,0.8147335072666667
BOND-IL,0.8809263811833334
CALLAHAN-TX,0.9263646187083333
FRIO-TX,0.8188990023499999
MILLS-TX,0.7799101123625001
HOWARD-NE,0.9601813098833332
BERNALILLO-NM,0.637381206975
ALBANY-NY,0.8078677182666666
NORTH SLOPE BOROUGH-AK,0.6574262414083333
ST. MARY'S-MD,0.8718840623499999
WORCESTER-MD,0.9223529043499998
LEWIS AND CLARK COUN-MT,0.8449453634199999
ADAIR-KY,0.8953671714583334
EFFINGHAM-GA,0.8202082136333334
JACKSON-OH,0.8853615209166668
MUSKOGEE-OK,0.7897390415666666
LOUDON-TN,0.8634640349666666
LOGAN-ND,0.99275
UNION-IN,0.8638817722666666
KOSSUTH-IA,0.9305266737250001
VERNON-MO,0.849078352275
FAYETTE-AL,0.82075427965
KITTITAS-WA,0.8129276749583334
CHAMBERS-TX,0.9565228280166668
BALTIMORE CITY-MD,0.6616076488500001
BRANCH-MI,0.8086540328416668
WHEELER-TX,0.9163010563375
MARTINSVILLE CITY-VA,0.8115069444416667
ORANGEBURG-SC,0.7632671262833334
POTTER-SD,0.9502951305666666
WALWORTH-SD,0.9248825104166666
MONTGOMERY-MO,0.8948462171416666
BARTON-KS,0.8336403253333334
GREENE-GA,0.6958279611416667
ADAMS-IL,0.8925230458583333
CUMBERLAND-NC,0.8097083085083333
SCHENECTADY-NY,0.7739683142416668
SUFFOLK-NY,0.8824980932666667
PICKENS-AL,0.8347176923833333
UINTAH-UT,0.7439473182909091
BUCKINGHAM-VA,0.8427116402083333
CLARK-WA,0.8156687597
OUTAGAMIE-WI,0.9201518215166665
RAVALLI-MT,0.8780236454083333
CODINGTON-SD,0.8733112673583334
MAURY-TN,0.8400093903750001
LA PLATA-CO,0.7715673658583332
WORTH-GA,0.6920581905083334
LA PORTE-IN,0.84977091205
POSEY-IN,0.8997636458333331
ALLAMAKEE-IA,0.9422488859999999
CROW WING-MN,0.8317851883916667
POLK-MN,0.855776226225
KEMPER-MS,0.7201491228083333
DURHAM-NC,0.7825069260749999
PASQUOTANK-NC,0.8088469202833332
PENDER-NC,0.8572783278583334
LAWRENCE-KY,0.8443190068833332
YORK-ME,0.8591903504666666
ARENAC-MI,0.8371717546666667
LAKE-OH,0.8895572370583333
MEIGS-OH,0.852655962975
CRAWFORD-IA,0.8981826702416668
QUITMAN-GA,0.703505434775
TYLER-TX,0.9116428741166663
DEKALB-GA,0.6682765870833333
UPSON-GA,0.737684766475
WILKINSON-GA,0.8196123737333334
WILSON-TN,0.9235450569499998
JACK-TX,0.9325900984399998
POPE-AR,0.852970921275
LAKE-MT,0.8281640028083332
EDGAR-IL,0.8251060897272727
CLINTON-OH,0.8799018853833332
VAN WERT-OH,0.9157358301999999
ST. LOUIS-MO,0.8693522109499999
ASOTIN-WA,0.730107957375
LINCOLN-WI,0.9259342092166668
WASHINGTON-WI,0.9422373748583336
GOSHEN-WY,0.8252146321916666
IRON-MI,0.8412215558874999
MUSKEGON-MI,0.7477592137416668
ESSEX-VA,0.8100192307666667
DESHA-AR,0.8572092614333332
PHILLIPS-AR,0.7563641259333332
FAYETTE-IL,0.8263470194250001
MONROE-IL,0.9301462266545456
GREGORY-SD,0.8912181001500001
WAGONER-OK,0.8072641078833334
BENTON-WA,0.7808684249333332
LINCOLN-WV,0.7958282632166666
FOND DU LAC-WI,0.898838135275
WASHINGTON-UT,0.8610354025272726
GILES-VA,0.8139492753583334
LOUDOUN-VA,0.9390018156750001
CHESAPEAKE CITY-VA,0.8733249456333335
BARBOUR-AL,0.7219441045416667
VAN BUREN-AR,0.9050755681166667
BOWIE-TX,0.9166776686333336
JASPER-IN,0.8814920779416667
MINERAL-MT,0.9061576502666666
PLAQUEMINES PARISH-LA,0.8184737442916666
WEST FELICIANA PARIS-LA,0.8150000000000001
BARNWELL-SC,0.7797857421916667
BEAUFORT-SC,0.7515319473416667
LAUDERDALE-TN,0.8667871715333333
HAND-SD,0.9355833333333332
GUTHRIE-IA,0.9434740232222223
PLYMOUTH-IA,0.954250622025
GENEVA-AL,0.8227921247500002
LEE-AL,0.8420167856500002
VALDEZ-CORDOVA CENSUS AREA-AK,0.7474736244333333
CLEVELAND-AR,0.9067361782000001
SAN BERNARDINO-CA,0.7597402159142856
SCOTT-IN,0.784039795775
YAMHILL-OR,0.77715792605
COAHOMA-MS,0.6486654702583333
PRINCE EDWARD-VA,0.7964459064333335
MERCER-WV,0.7909582043333332
BERRIEN-MI,0.7369619508
BEAR LAKE-ID,0.8495477252916667
DEAF SMITH-TX,0.8273118279583332
JEFF DAVIS-TX,0.974
TRAVERSE-MN,0.9034470128000001
THURSTON-NE,0.73717671215
CUMBERLAND-NJ,0.8014723824000002
DARLINGTON-SC,0.8900632032999999
CLAY-SD,0.8439954939750001
DUBOIS-IN,0.9157159922083333
OHIO-IN,0.8741669874333333
CAMP-TX,0.9235555555583331
OGEMAW-MI,0.770235653875
BATES-MO,0.8905461886916668
TITUS-TX,0.942405922475
ANTELOPE-NE,0.9558572513166667
TALLADEGA-AL,0.8001256962666666
PIKE-OH,0.829436001425
BALDWIN-GA,0.7353474266250001
BRACKEN-KY,0.8998487264833334
GILMER-GA,0.8046807595833334
SCREVEN-GA,0.7933353435416667
KOOTENAI-ID,0.7754109597666666
NEW HANOVER-NC,0.8019191679416666
LETCHER-KY,0.8818466768833333
IBERVILLE PARISH-LA,0.6804372049083333
LEE-MS,0.7421978018500001
MARIPOSA-CA,0.8938432620083335
HERKIMER-NY,0.8068236607916668
MORGAN-IL,0.8436217465416666
PULASKI-IL,0.8167539261666668
MARION-IN,0.7433197466916664
VERMILLION-IN,0.8905826970416668
FRANKLIN-AL,0.8467557855666666
MISSISSIPPI-AR,0.7892949979666666
CHELAN-WA,0.7712103668416668
JACKSON PARISH-LA,0.8104384735166666
ST. MARY PARISH-LA,0.7885579334166667
AROOSTOOK-ME,0.8646329763000001
CHEROKEE-NC,0.895619773
EAST BATON ROUGE PARISH-LA,0.6713119114428571
MCHENRY-IL,0.9193064829166665
PIKE-GA,0.8293029239333333
CASSIA-ID,0.8475958477500001
VAN BUREN-IA,0.9057013141375001
FLOYD-KY,0.8911004034416665
MARQUETTE-WI,0.8714172239916667
PERRY-KY,0.8964987429583333
ASCENSION PARISH-LA,0.8384899489916667
JUNIATA-PA,0.9096143448166666
HILLSDALE-MI,0.7866978937000001
ONTONAGON-MI,0.90360185185
ONONDAGA-NY,0.7936792213416667
COCHRAN-TX,0.921272727275
ECTOR-TX,0.7233010150416667
KING-TX,0.93075
TEHAMA-CA,0.8348625032083334
CHAFFEE-CO,0.8223739951083333
GUNNISON-CO,0.9036666530249998
HARLAN-NE,0.96626727272
FAIRFIELD-SC,0.7910494791083335
JACKSON-SD,0.8320064425833333
VAL VERDE-TX,0.8195306751166668
FORSYTH-NC,0.8179747980833332
WALTON-GA,0.7811919891666669
UNION-IA,0.9193870959416665
CALCASIEU PARISH-LA,0.7883214726083332
TREMPEALEAU-WI,0.9322215032166667
JEFFERSON-PA,0.9068691365916667
MEEKER-MN,0.92195340155
COPIAH-MS,0.7523074559416667
WEBSTER-MO,0.8780415209166667
GLASCOCK-GA,0.7827344877333334
KENDALL-TX,0.9802052377666666
MONTAGUE-TX,0.9229582510333333
CHOCTAW-AL,0.7727655131666666
INDEPENDENCE-AR,0.881385124175
WHITE-AR,0.8434271827333334
ATKINSON-GA,0.7759422042083334
CALHOUN-GA,0.6997433464666667
JOHNSON-GA,0.7518064970833334
WHARTON-TX,0.9191753877583334
WILLIAMSON-TN,0.9528822096181817
SCHUYLER-MO,0.9215251836142858
MUSCATINE-IA,0.8340539338833333
HANCOCK-KY,0.9256260103499999
PISCATAQUIS-ME,0.8479173412
OUACHITA-AR,0.8851904019
MELLETTE-SD,0.7178637362666667
SAC-IA,0.9511192810727274
ALLEN-KY,0.8723556109833334
CHIPPEWA-MN,0.7978224512000001
WASECA-MN,0.8648386197916667
YAKIMA-WA,0.7380054489916668
WAUSHARA-WI,0.8880964398916668
BOSQUE-TX,0.9212852501833334
LAUDERDALE-AL,0.8575227804083335
BROOKINGS-SD,0.8976938179166666
WEST CARROLL PARISH-LA,0.7884515828666667
WOODFORD-KY,0.9354170363545454
COOK-MN,0.8866979066285714
HINDS-MS,0.6781656691249999
CURRY-OR,0.6773512089749999
WASHINGTON-OR,0.8076040214083333
LINCOLN-KY,0.8877467313416666
WYOMING-NY,0.8697212077250002
WARD-TX,0.9183835142249999
WINNESHIEK-IA,0.9711901432083333
IZARD-AR,0.92254893179
CLINTON-IN,0.8616089016749999
FULTON-IN,0.8799280039583334
CLALLAM-WA,0.6860783003999998
ESSEX-VT,0.8987589321666666
CALDWELL-NC,0.8520300780333333
HERTFORD-NC,0.8131998036333333
BACA-CO,0.6447769749428571
VAN BUREN-TN,0.85200353166
MIDLAND-TX,0.82395004205
MONTGOMERY-TX,0.9019635738083333
SHACKELFORD-TX,0.9510000000000001
FREDERICK-MD,0.9192791158749999
GAGE-NE,0.8738527236083332
THAYER-NE,0.9495901733
ROOSEVELT-NM,0.7959917741
PETERSBURG CITY-VA,0.668076224325
GREENWOOD-SC,0.801619047925
LINCOLN-ID,0.8557850097875
BENNETT-SD,0.7281841269833333
OSAGE-MO,0.9264285251416667
HOWARD-MO,0.8652307322166667
BURNETT-WI,0.723615503
NORTHWEST ARCTIC BOROUGH-AK,0.6146898716571428
CONWAY-AR,0.8383485147333333
SCOTT-AR,0.8664533817833333
CLAY-IN,0.873938172625
FLOYD-IN,0.8895644176666667
SAN BERNARDINO COUNT-CA,0.81605197
HOUSTON-AL,0.8107107684166667
MATANUSKA-SUSITNA BO-AK,0.7440000000000001
GREENE-AR,0.8860662914999998
SAN MATEO-CA,0.8425300030416668
MACKINAC-MI,0.8642692564285716
HILL-TX,0.9248179576916667
KNOX-TX,0.936678571425
MONROE-KY,0.9307115058249998
HOWARD-MD,0.9150278121833334
GRAYSON-VA,0.8238923611083333
HIGHLAND-VA,0.9452857142833334
DELAWARE-OH,0.9582016057999999
WALKER-GA,0.7629638693666667
MCINTOSH-OK,0.7783773197166667
KLAMATH-OR,0.6590275006166667
CRENSHAW-AL,0.8659625309916666
MILLARD-UT,0.8850703825454546
DICKENSON-VA,0.8230530303
MACON-MO,0.899156239625
HAMBLEN-TN,0.8572364341083333
KIDDER-ND,0.9131527777749999
LOGAN-KY,0.8895522718166665
MACOMB-MI,0.804890428975
CASS-MN,0.6938087532833334
ALCORN-MS,0.8128372311166666
LEE-FL,0.7451963311083333
WAHKIAKUM-WA,0.8072866469166667
CASS-TX,0.9324298596583334
MORROW-OH,0.8749989776333331
MINERAL-NV,0.6518214285666667
