County-State,Drop_Out_Rate_By_County
ADAMS-IL,0.034312210200927354
ALEXANDER-IL,0.045317220543806644
BOND-IL,0.037037037037037035
BOONE-IL,0.026591230551626592
BROWN-IL,0.0
BUREAU-IL,0.13626834381551362
CALHOUN-IL,0.10384615384615385
CARROLL-IL,0.18114602587800369
CASS-IL,0.14308426073131955
CHAMPAIGN-IL,0.023646513587528964
CHRISTIAN-IL,0.06702208682406702
CLARK-IL,0.12073863636363637
CLAY-IL,0.25314183123877915
CLINTON-IL,0.03469501958589815
COLES-IL,0.028291316526610644
COOK-IL,0.04581923205692411
CRAWFORD-IL,0.20606826801517067
CUMBERLAND-IL,0.2639175257731959
DEKALB-IL,0.02639487782568927
DE WITT-IL,0.09135200974421437
DOUGLAS-IL,0.37291280148423006
DUPAGE-IL,0.03173844363152644
EDGAR-IL,0.033642691415313224
EDWARDS-IL,0.21122994652406418
EFFINGHAM-IL,0.11605415860735009
FAYETTE-IL,0.16371220020855057
FORD-IL,0.0991869918699187
FRANKLIN-IL,0.12846199175014733
FULTON-IL,0.03877423389618512
GALLATIN-IL,0.06986899563318777
GREENE-IL,0.04264705882352941
GRUNDY-IL,0.0712966383450314
HAMILTON-IL,0.24752475247524752
HANCOCK-IL,0.11166875784190715
HARDIN-IL,0.13636363636363635
HENDERSON-IL,0.03333333333333333
HENRY-IL,0.021617293835068056
IROQUOIS-IL,0.007358351729212656
JACKSON-IL,0.04849681808207154
JASPER-IL,0.0027624309392265192
JEFFERSON-IL,0.1330998248686515
JERSEY-IL,0.07239819004524888
JO DAVIESS-IL,0.0
JOHNSON-IL,0.04725897920604915
KANE-IL,0.0448282553852125
KANKAKEE-IL,0.06857891671520093
KENDALL-IL,0.048535564853556486
KNOX-IL,0.05186267348429511
LAKE-IL,0.04361601258065262
LASALLE-IL,0.07735742518351214
LAWRENCE-IL,0.4211469534050179
LEE-IL,0.050642479213907785
LIVINGSTON-IL,0.026358257127487898
LOGAN-IL,0.0749063670411985
MCDONOUGH-IL,0.0612736660929432
MCHENRY-IL,0.036505404926457555
MCLEAN-IL,0.03552866340857963
MACON-IL,0.11524235935370838
MACOUPIN-IL,0.030276046304541407
MADISON-IL,0.05041087231352718
MARION-IL,0.06423718344657196
MARSHALL-IL,0.06805293005671077
MASON-IL,0.0
MASSAC-IL,0.11148648648648649
MENARD-IL,0.029259896729776247
MERCER-IL,0.08011049723756906
MONROE-IL,0.01077996195307546
MONTGOMERY-IL,0.09690893901420217
MORGAN-IL,0.025278058645096056
MOULTRIE-IL,0.38161209068010077
OGLE-IL,0.031424025457438345
PEORIA-IL,0.04339766655762731
PERRY-IL,0.10785340314136126
PIATT-IL,0.10379746835443038
PIKE-IL,0.020030816640986132
POPE-IL,0.23232323232323232
PULASKI-IL,0.05070422535211268
PUTNAM-IL,0.03690036900369004
RANDOLPH-IL,0.04579630895420369
RICHLAND-IL,0.0458970792767733
ROCK ISLAND-IL,0.05409395973154362
ST. CLAIR-IL,0.07609549238259777
SALINE-IL,0.13560975609756099
SANGAMON-IL,0.04884453781512605
SCHUYLER-IL,0.05411764705882353
SCOTT-IL,0.0375
SHELBY-IL,0.07003089598352215
STARK-IL,0.08968609865470852
STEPHENSON-IL,0.06607236497115888
TAZEWELL-IL,0.07713588283157038
UNION-IL,0.056890012642225034
VERMILION-IL,0.08809135399673736
WABASH-IL,0.11397849462365592
WARREN-IL,0.008340283569641367
WASHINGTON-IL,0.03179650238473768
WAYNE-IL,0.21477428180574556
WHITE-IL,0.03345724907063197
WHITESIDE-IL,0.07334525939177101
WILL-IL,0.044977060195051016
WILLIAMSON-IL,0.04331306990881459
WINNEBAGO-IL,0.08864849676875527
WOODFORD-IL,0.020872865275142316
ADAIR-OK,0.13366336633663367
ALFALFA-OK,0.06382978723404255
ATOKA-OK,0.05740181268882175
BEAVER-OK,0.07916666666666666
BECKHAM-OK,0.022433132010353754
BLAINE-OK,0.08196721311475409
BRYAN-OK,0.07377979568671963
CADDO-OK,0.1078894133513149
CANADIAN-OK,0.038612123666801675
CARTER-OK,0.11324786324786325
CHEROKEE-OK,0.05589860253493663
CHOCTAW-OK,0.1111111111111111
CIMARRON-OK,0.0
CLEVELAND-OK,0.02350920826671404
COAL-OK,0.13284132841328414
COMANCHE-OK,0.05844330729868031
COTTON-OK,0.045454545454545456
CRAIG-OK,0.1510989010989011
CREEK-OK,0.08226792662590328
CUSTER-OK,0.004335260115606936
DELAWARE-OK,0.10652065704330513
DEWEY-OK,0.016722408026755852
ELLIS-OK,0.09859154929577464
GARFIELD-OK,0.0705768611021592
GARVIN-OK,0.11692506459948321
GRADY-OK,0.05134150380920835
GRANT-OK,0.023696682464454975
GREER-OK,0.18232044198895028
HARMON-OK,0.265625
HARPER-OK,0.09558823529411764
HASKELL-OK,0.09657320872274143
HUGHES-OK,0.04114490161001789
JACKSON-OK,0.006405124099279423
JEFFERSON-OK,0.09826589595375723
JOHNSTON-OK,0.023529411764705882
KAY-OK,0.10335917312661498
KINGFISHER-OK,0.21769662921348315
KIOWA-OK,0.005571030640668524
LATIMER-OK,0.04560260586319218
LE FLORE-OK,0.06486074017550553
LINCOLN-OK,0.10319539025667888
LOGAN-OK,0.026278906797477224
LOVE-OK,0.05472636815920398
MCCLAIN-OK,0.004610419548178884
MCCURTAIN-OK,0.10466666666666667
MCINTOSH-OK,0.05757575757575758
MAJOR-OK,0.09411764705882353
MARSHALL-OK,0.13734939759036144
MAYES-OK,0.177167219327333
MURRAY-OK,0.16557377049180327
MUSKOGEE-OK,0.11263187909894497
NOBLE-OK,0.0852994555353902
NOWATA-OK,0.0199203187250996
OKFUSKEE-OK,0.17463235294117646
OKLAHOMA-OK,0.08241183502689779
OKMULGEE-OK,0.08132260947274352
OSAGE-OK,0.06861443116423196
OTTAWA-OK,0.05725971370143149
PAWNEE-OK,0.14174252275682706
PAYNE-OK,0.022042093287827077
PITTSBURG-OK,0.1290994273815721
PONTOTOC-OK,0.054930211616389016
POTTAWATOMIE-OK,0.046281734441698495
PUSHMATAHA-OK,0.08687258687258688
ROGER MILLS-OK,0.2125
ROGERS-OK,0.051054154609342706
SEMINOLE-OK,0.07040229885057471
SEQUOYAH-OK,0.09652333028362306
STEPHENS-OK,0.07074109720885467
TEXAS-OK,0.04421052631578947
TILLMAN-OK,0.058577405857740586
TULSA-OK,0.08049488777300502
WAGONER-OK,0.04701718907987867
WASHINGTON-OK,0.07091391733029959
WASHITA-OK,0.04900459418070444
WOODS-OK,0.15771812080536912
WOODWARD-OK,0.051594746716697934
ADAMS-WI,0.04790419161676647
ASHLAND-WI,0.07809330628803246
BARRON-WI,0.1421994884910486
BAYFIELD-WI,0.044964028776978415
BROWN-WI,0.03885495098735616
BUFFALO-WI,0.07521367521367521
BURNETT-WI,0.07241379310344828
CALUMET-WI,0.008952899961074349
CHIPPEWA-WI,0.07012417823228634
CLARK-WI,0.45891472868217054
COLUMBIA-WI,0.11764705882352941
CRAWFORD-WI,0.09261744966442953
DANE-WI,0.02
DODGE-WI,0.07243300610241443
DOOR-WI,0.12202380952380952
DOUGLAS-WI,0.04429223744292238
DUNN-WI,0.018207282913165267
EAU CLAIRE-WI,0.04407514450867052
FLORENCE-WI,0.025
FOND DU LAC-WI,0.023318042813455658
FOREST-WI,0.02511415525114155
GRANT-WI,0.06505258009293226
GREEN-WI,0.02059357964869776
GREEN LAKE-WI,0.14613778705636743
IOWA-WI,0.030362389813907934
IRON-WI,0.0
JACKSON-WI,0.034482758620689655
JEFFERSON-WI,0.04142011834319527
JUNEAU-WI,0.05665467625899281
KENOSHA-WI,0.05558425457175328
KEWAUNEE-WI,0.03571428571428571
LA CROSSE-WI,0.015997901914503017
LAFAYETTE-WI,0.10702341137123746
LANGLADE-WI,0.1717479674796748
LINCOLN-WI,0.05997001499250375
MANITOWOC-WI,0.035455486542443064
MARATHON-WI,0.06053674900884416
MARINETTE-WI,0.024858757062146894
MARQUETTE-WI,0.0892018779342723
MENOMINEE-WI,0.0
MILWAUKEE-WI,0.05633041842595001
MONROE-WI,0.13121185701830862
OCONTO-WI,0.053128689492325853
ONEIDA-WI,0.01906941266209001
OUTAGAMIE-WI,0.017730870712401054
OZAUKEE-WI,0.026118647499493823
PEPIN-WI,0.18439716312056736
PIERCE-WI,0.024687595245352027
POLK-WI,0.04257475924987329
PORTAGE-WI,0.03932009010853983
PRICE-WI,0.02729044834307992
RACINE-WI,0.11280549383962836
RICHLAND-WI,0.18772136953955135
ROCK-WI,0.050184956843403204
RUSK-WI,0.17399267399267399
ST. CROIX-WI,0.01949317738791423
SAUK-WI,0.14504303474657315
SAWYER-WI,0.1263537906137184
SHAWANO-WI,0.05647176411794103
SHEBOYGAN-WI,0.026692941597993552
TAYLOR-WI,0.08736942070275404
TREMPEALEAU-WI,0.09169675090252707
VERNON-WI,0.1795031055900621
VILAS-WI,0.13493253373313344
WALWORTH-WI,0.03465506125080593
WASHBURN-WI,0.0492845786963434
WASHINGTON-WI,0.04085489968013958
WAUKESHA-WI,0.012291775425940867
WAUPACA-WI,0.07142857142857142
WAUSHARA-WI,0.14826498422712933
WINNEBAGO-WI,0.050185676392572945
WOOD-WI,0.027760051052967454
ANDROSCOGGIN-ME,0.0671559633027523
AROOSTOOK-ME,0.046973518284993694
CUMBERLAND-ME,0.022950819672131147
FRANKLIN-ME,0.04047619047619048
HANCOCK-ME,0.01707317073170732
KENNEBEC-ME,0.06383678841724251
KNOX-ME,0.14276568501920614
LINCOLN-ME,0.1133768352365416
OXFORD-ME,0.10314075222954634
PENOBSCOT-ME,0.030476833108412055
PISCATAQUIS-ME,0.025157232704402517
SAGADAHOC-ME,0.02595529920692141
SOMERSET-ME,0.041879944160074456
WALDO-ME,0.15134529147982062
WASHINGTON-ME,0.045674740484429065
YORK-ME,0.050127820384572634
ADAMS-PA,0.04449778434268833
ALLEGHENY-PA,0.03387419660731219
ARMSTRONG-PA,0.05415929203539823
BEAVER-PA,0.026346265199768383
BEDFORD-PA,0.09752808988764045
BERKS-PA,0.0632128681846668
BLAIR-PA,0.0977928145642017
BRADFORD-PA,0.06310505557547508
BUCKS-PA,0.03938216373314175
BUTLER-PA,0.02235318024791709
CAMBRIA-PA,0.027403282532239157
CAMERON-PA,0.028169014084507043
CARBON-PA,0.13298073290517567
CENTRE-PA,0.04266023432115782
CHESTER-PA,0.031830511966486966
CLARION-PA,0.10373792524149517
CLEARFIELD-PA,0.05593275137407048
CLINTON-PA,0.22087175188600167
COLUMBIA-PA,0.049784041827688114
CRAWFORD-PA,0.1506640539952101
CUMBERLAND-PA,0.05487941461957739
DAUPHIN-PA,0.1087738086131722
DELAWARE-PA,0.03737431227471068
ELK-PA,0.04100946372239748
ERIE-PA,0.053542278811622594
FAYETTE-PA,0.05745257452574526
FOREST-PA,0.03137254901960784
FRANKLIN-PA,0.1165636588380717
FULTON-PA,0.013245033112582781
GREENE-PA,0.033367556468172486
HUNTINGDON-PA,0.06172839506172839
INDIANA-PA,0.13071371291098638
JEFFERSON-PA,0.1575274177467597
JUNIATA-PA,0.13177041228779304
LACKAWANNA-PA,0.06112781269928031
LANCASTER-PA,0.2437702755694984
LAWRENCE-PA,0.048864418444597386
LEBANON-PA,0.10735930735930736
LEHIGH-PA,0.03765249259500979
LUZERNE-PA,0.0662063625217784
LYCOMING-PA,0.08584610314714121
MCKEAN-PA,0.0053309640159928924
MERCER-PA,0.07678965625985494
MIFFLIN-PA,0.29680150517403575
MONROE-PA,0.020674858591769065
MONTGOMERY-PA,0.027547378474840397
MONTOUR-PA,0.07448107448107448
NORTHAMPTON-PA,0.039733969986357434
NORTHUMBERLAND-PA,0.1102921821531982
PERRY-PA,0.23761904761904762
PHILADELPHIA-PA,0.04906094288999617
PIKE-PA,0.02427000379218809
POTTER-PA,0.05121293800539083
SCHUYLKILL-PA,0.04760308414347972
SNYDER-PA,0.11681914144968332
SOMERSET-PA,0.1056822294607311
SULLIVAN-PA,0.05737704918032787
SUSQUEHANNA-PA,0.046875
TIOGA-PA,0.05383580080753701
UNION-PA,0.16761133603238867
VENANGO-PA,0.14404553415061297
WARREN-PA,0.038312048861743477
WASHINGTON-PA,0.04287540564460616
WAYNE-PA,0.11027190332326284
WESTMORELAND-PA,0.026422633240961526
WYOMING-PA,0.03717201166180758
YORK-PA,0.06619321988476484
BARNSTABLE-MA,0.03222748815165877
BERKSHIRE-MA,0.027859011851623827
BRISTOL-MA,0.07345988040606313
DUKES-MA,0.0096051227321238
ESSEX-MA,0.044783617616803426
FRANKLIN-MA,0.040105193951347796
HAMPDEN-MA,0.054944638252692246
HAMPSHIRE-MA,0.021744268494445756
MIDDLESEX-MA,0.02368568934801583
NANTUCKET-MA,0.0196078431372549
NORFOLK-MA,0.02012523584260753
PLYMOUTH-MA,0.0312522765352954
SUFFOLK-MA,0.03870273009438145
WORCESTER-MA,0.036812614021370864
ADAMS-OH,0.09965156794425087
ALLEN-OH,0.0665746809244567
ASHLAND-OH,0.06352941176470588
ASHTABULA-OH,0.12438807298620383
ATHENS-OH,0.012826660273315752
AUGLAIZE-OH,0.053066550674206174
BELMONT-OH,0.03824756606397774
BROWN-OH,0.10764212488350419
BUTLER-OH,0.03041247691360558
CARROLL-OH,0.15049928673323823
CHAMPAIGN-OH,0.10208926875593542
CLARK-OH,0.06796378867720579
CLERMONT-OH,0.04500760263558033
CLINTON-OH,0.044434470377019746
COLUMBIANA-OH,0.1224188790560472
COSHOCTON-OH,0.2752126366950182
CRAWFORD-OH,0.07726027397260274
CUYAHOGA-OH,0.04481073055170918
DARKE-OH,0.024857375713121434
DEFIANCE-OH,0.007424593967517401
DELAWARE-OH,0.016728940217391304
ERIE-OH,0.06601886253215204
FAIRFIELD-OH,0.017406962785114045
FAYETTE-OH,0.026845637583892617
FRANKLIN-OH,0.053707266538404616
FULTON-OH,0.10816876122082585
GALLIA-OH,0.1821106821106821
GEAUGA-OH,0.25408921933085504
GREENE-OH,0.029159832330964097
GUERNSEY-OH,0.05568664464369986
HAMILTON-OH,0.07303396820983364
HANCOCK-OH,0.038708086785009865
HARDIN-OH,0.03635637235317619
HARRISON-OH,0.1731266149870801
HENRY-OH,0.08618233618233619
HIGHLAND-OH,0.2474003466204506
HOCKING-OH,0.052452316076294275
HOLMES-OH,1.0450294423276758
HURON-OH,0.06827445652173914
JACKSON-OH,0.02877697841726619
JEFFERSON-OH,0.02696629213483146
KNOX-OH,0.053598389531957724
LAKE-OH,0.035758431926540706
LAWRENCE-OH,0.0014049877063575693
LICKING-OH,0.0371984270379424
LOGAN-OH,0.011857707509881422
LORAIN-OH,0.06343328881874469
LUCAS-OH,0.04926242942997632
MADISON-OH,0.04265159301130524
MAHONING-OH,0.04393720678455431
MARION-OH,0.10211267605633803
MEDINA-OH,0.05032967032967033
MEIGS-OH,0.09090909090909091
MERCER-OH,0.01145374449339207
MIAMI-OH,0.032856093979441996
MONROE-OH,0.14802631578947367
MONTGOMERY-OH,0.03014681161044492
MORGAN-OH,0.005412719891745603
MORROW-OH,0.18694976696012428
MUSKINGUM-OH,0.023506836171743824
NOBLE-OH,0.005797101449275362
OTTAWA-OH,0.04455445544554455
PAULDING-OH,0.05726405090137858
PERRY-OH,0.06572769953051644
PICKAWAY-OH,0.07497500833055648
PIKE-OH,0.05849802371541502
PORTAGE-OH,0.03639120545868082
PREBLE-OH,0.03818269695505075
PUTNAM-OH,0.02262180974477958
RICHLAND-OH,0.10328970640254687
ROSS-OH,0.10357037474181174
SANDUSKY-OH,0.041452442159383034
SCIOTO-OH,0.030757498729028977
SENECA-OH,0.026720647773279354
SHELBY-OH,0.02518122853872568
STARK-OH,0.04314859262491818
SUMMIT-OH,0.04592808334266831
TRUMBULL-OH,0.14601670051907018
TUSCARAWAS-OH,0.16117969821673525
UNION-OH,0.03646209386281588
VAN WERT-OH,0.09695682944090588
VINTON-OH,0.0048
WARREN-OH,0.02485345838218054
WASHINGTON-OH,0.018360655737704918
WAYNE-OH,0.2447139303482587
WILLIAMS-OH,0.0760806916426513
WOOD-OH,0.02680067001675042
WYANDOT-OH,0.04501323918799647
APACHE-AZ,0.0411194833153929
COCHISE-AZ,0.03174078360059514
COCONINO-AZ,0.014025336091003102
GILA-AZ,0.07986309184255562
GRAHAM-AZ,0.08478802992518704
GREENLEE-AZ,0.018808777429467086
LA PAZ-AZ,0.06086956521739131
MARICOPA-AZ,0.0727580515110963
MOHAVE-AZ,0.16033810143042912
NAVAJO-AZ,0.09328996918863403
PIMA-AZ,0.06546886975741048
PINAL-AZ,0.10613030416823131
SANTA CRUZ-AZ,0.07644962747003563
YAVAPAI-AZ,0.07268553940321347
YUMA-AZ,0.05224252491694352
BAKER-OR,0.10070671378091872
BENTON-OR,0.01328740157480315
CLACKAMAS-OR,0.042581640524556444
CLATSOP-OR,0.144878324844369
COLUMBIA-OR,0.042492917847025496
COOS-OR,0.043923865300146414
CROOK-OR,0.17386231038506417
CURRY-OR,0.05815602836879433
DESCHUTES-OR,0.10882089361157342
DOUGLAS-OR,0.09561161755352979
GILLIAM-OR,0.0
GRANT-OR,0.0380952380952381
HARNEY-OR,0.13513513513513514
HOOD RIVER-OR,0.07535795026375283
JACKSON-OR,0.09234020073956682
JEFFERSON-OR,0.16356877323420074
JOSEPHINE-OR,0.047657295850066936
KLAMATH-OR,0.07393483709273183
LAKE-OR,0.032
LANE-OR,0.04952968841857731
LINCOLN-OR,0.04828747894441325
LINN-OR,0.05111555111555111
MALHEUR-OR,0.1318422601530312
MARION-OR,0.0646340807657149
MORROW-OR,0.033214709371293
MULTNOMAH-OR,0.04858939023257254
POLK-OR,0.159136272908728
SHERMAN-OR,0.031496062992125984
TILLAMOOK-OR,0.11099691675231244
UMATILLA-OR,0.040055891942244994
UNION-OR,0.02513227513227513
WALLOWA-OR,0.018867924528301886
WASCO-OR,0.07816711590296496
WASHINGTON-OR,0.05352841787396197
WHEELER-OR,0.0
YAMHILL-OR,0.0725681935151827
ALBANY-WY,0.0
BIG HORN-WY,0.1206896551724138
CAMPBELL-WY,0.06348491670418731
CARBON-WY,0.0343796711509716
CONVERSE-WY,0.046094750320102434
CROOK-WY,0.046228710462287104
FREMONT-WY,0.10044532409698169
GOSHEN-WY,0.017220172201722016
HOT SPRINGS-WY,0.05555555555555555
JOHNSON-WY,0.0
LARAMIE-WY,0.056989469337187695
LINCOLN-WY,0.30340264650283555
NATRONA-WY,0.014186162269785963
NIOBRARA-WY,0.0
PARK-WY,0.009946949602122016
PLATTE-WY,0.0
SHERIDAN-WY,0.0159500693481276
SUBLETTE-WY,0.0
SWEETWATER-WY,0.034667767230705734
TETON-WY,0.12653061224489795
UINTA-WY,0.014763779527559055
WASHAKIE-WY,0.09732360097323602
WESTON-WY,0.09192200557103064
ACADIA PARISH-LA,0.06810778797749482
ALLEN PARISH-LA,0.13217213114754098
ASCENSION PARISH-LA,0.05140935297885971
ASSUMPTION PARISH-LA,0.13606010016694492
AVOYELLES PARISH-LA,0.11534749034749035
BEAUREGARD PARISH-LA,0.0291897332662305
BIENVILLE PARISH-LA,0.018957345971563982
BOSSIER PARISH-LA,0.08897983932090345
CADDO PARISH-LA,0.03891018843298801
CALCASIEU PARISH-LA,0.03985660059046816
CALDWELL PARISH-LA,0.025078369905956112
CAMERON PARISH-LA,0.0
CATAHOULA PARISH-LA,0.14814814814814814
CLAIBORNE PARISH-LA,0.04559270516717325
CONCORDIA PARISH-LA,0.021653543307086614
DE SOTO PARISH-LA,0.07142857142857142
EAST BATON ROUGE PARISH-LA,0.03849126034958602
EAST CARROLL PARISH-LA,0.5234899328859061
EAST FELICIANA PARISH-LA,0.06218905472636816
EVANGELINE PARISH-LA,0.23382173382173382
FRANKLIN PARISH-LA,0.1395973154362416
GRANT PARISH-LA,0.10114503816793893
IBERIA PARISH-LA,0.05524553571428571
IBERVILLE PARISH-LA,0.07071380920613743
JACKSON PARISH-LA,0.1515601783060921
JEFFERSON PARISH-LA,0.07935908502373759
JEFFERSON DAVIS PARISH-LA,0.08806818181818182
LAFAYETTE PARISH-LA,0.055868304332992155
LAFOURCHE PARISH-LA,0.11144397843019772
LASALLE PARISH-LA,0.10067114093959731
LINCOLN PARISH-LA,0.024356931481903026
LIVINGSTON PARISH-LA,0.08581991021917085
MADISON PARISH-LA,0.12147887323943662
MOREHOUSE PARISH-LA,0.08979278587874137
NATCHITOCHES PARISH-LA,0.05998509687034277
ORLEANS PARISH-LA,0.04794833695279461
OUACHITA PARISH-LA,0.08604008293020042
PLAQUEMINES PARISH-LA,0.07459379615952733
POINTE COUPEE PARISH-LA,0.028310502283105023
RAPIDES PARISH-LA,0.06952704616256018
RED RIVER PARISH-LA,0.03314917127071823
RICHLAND PARISH-LA,0.011879049676025918
SABINE PARISH-LA,0.036585365853658534
ST. BERNARD PARISH-LA,0.047619047619047616
ST. CHARLES PARISH-LA,0.02999610440202571
ST. HELENA PARISH-LA,0.11387900355871886
ST. JAMES PARISH-LA,0.014861995753715499
ST. JOHN THE BAPTIST PARISH-LA,0.04509415262636274
ST. LANDRY PARISH-LA,0.0944055944055944
ST. MARTIN PARISH-LA,0.10218702865761689
ST. MARY PARISH-LA,0.06424062383958411
ST. TAMMANY PARISH-LA,0.04291409364496209
TANGIPAHOA PARISH-LA,0.1111111111111111
TENSAS PARISH-LA,0.05128205128205128
TERREBONNE PARISH-LA,0.07724425887265135
UNION PARISH-LA,0.05723630417007359
VERMILION PARISH-LA,0.11438755670771225
VERNON PARISH-LA,0.03576807228915663
WASHINGTON PARISH-LA,0.09155241043785936
WEBSTER PARISH-LA,0.06747572815533981
WEST BATON ROUGE PARISH-LA,0.060810810810810814
WEST CARROLL PARISH-LA,0.23076923076923078
WEST FELICIANA PARISH-LA,0.0
WINN PARISH-LA,0.18616144975288304
HAWAII-HI,0.032357649211067915
HONOLULU-HI,0.035637734071369685
KALAWAO-HI,0.0
KAUAI-HI,0.08501628664495114
MAUI-HI,0.0885841934986905
BELKNAP-NH,0.028716830243547802
CARROLL-NH,0.03598971722365039
CHESHIRE-NH,0.027305825242718445
COOS-NH,0.03508771929824561
GRAFTON-NH,0.03479740179399938
HILLSBOROUGH-NH,0.034696032584100166
MERRIMACK-NH,0.03379224030037547
ROCKINGHAM-NH,0.025974025974025976
STRAFFORD-NH,0.016325188999671305
SULLIVAN-NH,0.10716152639832724
ACCOMACK-VA,0.03843364757070341
ALBEMARLE-VA,0.01775078827513722
ALLEGHANY-VA,0.05521472392638037
AMELIA-VA,0.026595744680851064
AMHERST-VA,0.033964728935336384
APPOMATTOX-VA,0.06451612903225806
ARLINGTON-VA,0.07296197558580048
AUGUSTA-VA,0.06924705170849713
BATH-VA,0.0
BEDFORD-VA,0.03555941023417172
BLAND-VA,0.12121212121212122
BOTETOURT-VA,0.0583804143126177
BRUNSWICK-VA,0.007220216606498195
BUCHANAN-VA,0.12332990750256938
BUCKINGHAM-VA,0.02865761689291101
CAMPBELL-VA,0.03321610003907777
CAROLINE-VA,0.027694610778443114
CARROLL-VA,0.021394611727416798
CHARLES CITY-VA,0.05
CHARLOTTE-VA,0.06741573033707865
CHESTERFIELD-VA,0.043253646677471634
CLARKE-VA,0.0
CRAIG-VA,0.0
CULPEPER-VA,0.09087755809920221
CUMBERLAND-VA,0.0
DICKENSON-VA,0.027287319422150885
DINWIDDIE-VA,0.09764542936288088
ESSEX-VA,0.0
FAIRFAX-VA,0.03397809120993859
FAUQUIER-VA,0.021470588235294116
FLOYD-VA,0.0
FLUVANNA-VA,0.3708133971291866
FRANKLIN-VA,0.0585569884977344
FREDERICK-VA,0.02466879853814527
GILES-VA,0.10383386581469649
GLOUCESTER-VA,0.041666666666666664
GOOCHLAND-VA,0.0
GRAYSON-VA,0.024242424242424242
GREENE-VA,0.04220398593200469
GREENSVILLE-VA,0.0
HALIFAX-VA,0.07197191339964892
HANOVER-VA,0.010980006555227795
HENRICO-VA,0.020085986833266158
HENRY-VA,0.04681230494872938
HIGHLAND-VA,0.0
ISLE OF WIGHT-VA,0.0
JAMES CITY-VA,0.02171945701357466
KING AND QUEEN-VA,0.0
KING GEORGE-VA,0.07554225878833208
KING WILLIAM-VA,0.015296367112810707
LANCASTER-VA,0.0015527950310559005
LEE-VA,0.04439252336448598
LOUDOUN-VA,0.06281108223582786
LOUISA-VA,0.09788166544923302
LUNENBURG-VA,0.043227665706051875
MADISON-VA,0.0
MATHEWS-VA,0.06746031746031746
MECKLENBURG-VA,0.0
MIDDLESEX-VA,0.07777777777777778
MONTGOMERY-VA,0.0025573465592064475
NELSON-VA,0.0
NEW KENT-VA,0.03759398496240601
NORTHAMPTON-VA,0.025052192066805846
NORTHUMBERLAND-VA,0.0
NOTTOWAY-VA,0.05575539568345324
ORANGE-VA,0.05443322109988777
PAGE-VA,0.018805309734513276
PATRICK-VA,0.039711191335740074
PITTSYLVANIA-VA,0.08537058595265813
POWHATAN-VA,0.0036153289949385392
PRINCE EDWARD-VA,0.01768172888015717
PRINCE GEORGE-VA,0.008389261744966443
PRINCE WILLIAM-VA,0.03532409373431649
PULASKI-VA,0.050443081117927745
RAPPAHANNOCK-VA,0.0
RICHMOND-VA,0.0038461538461538464
ROANOKE-VA,0.011767317939609237
ROCKBRIDGE-VA,0.022999080036798528
ROCKINGHAM-VA,0.021822272215973004
RUSSELL-VA,0.04837364470391994
SCOTT-VA,0.09169764560099132
SHENANDOAH-VA,0.009735744089012517
SMYTH-VA,0.032448377581120944
SOUTHAMPTON-VA,0.011379800853485065
SPOTSYLVANIA-VA,0.015917341524713767
STAFFORD-VA,0.04145139973567223
SURRY-VA,0.0
SUSSEX-VA,0.11029411764705882
TAZEWELL-VA,0.09737609329446065
WARREN-VA,0.021908471275559883
WASHINGTON-VA,0.09087437953417335
WESTMORELAND-VA,0.0
WISE-VA,0.06166666666666667
WYTHE-VA,0.07447577729573392
YORK-VA,0.01606203267792855
ALEXANDRIA CITY-VA,0.09068238494672409
BRISTOL CITY-VA,0.0021008403361344537
BUENA VISTA CITY-VA,0.11047619047619048
CHARLOTTESVILLE CITY-VA,0.038880248833592534
CHESAPEAKE CITY-VA,0.030487310467850484
COLONIAL HEIGHTS CITY-VA,0.01601164483260553
COVINGTON CITY-VA,0.0411522633744856
DANVILLE CITY-VA,0.03257142857142857
EMPORIA CITY-VA,0.08360128617363344
FAIRFAX CITY-VA,0.009786476868327402
FALLS CHURCH CITY-VA,0.025
FRANKLIN CITY-VA,0.0
FREDERICKSBURG CITY-VA,0.017330210772833723
GALAX CITY-VA,0.0
HAMPTON CITY-VA,0.011815093782306897
HARRISONBURG CITY-VA,0.0012135922330097086
HOPEWELL CITY-VA,0.0
LEXINGTON CITY-VA,0.0
LYNCHBURG CITY-VA,0.014141414141414142
MANASSAS CITY-VA,0.04433713784021071
MANASSAS PARK CITY-VA,0.1077720207253886
MARTINSVILLE CITY-VA,0.0
NEWPORT NEWS CITY-VA,0.016683217477656404
NORFOLK CITY-VA,0.03182416972890522
NORTON CITY-VA,0.5714285714285714
PETERSBURG CITY-VA,0.04812398042414356
POQUOSON CITY-VA,0.09433962264150944
PORTSMOUTH CITY-VA,0.05571360834518729
RADFORD CITY-VA,0.03907039407207814
RICHMOND CITY-VA,0.025525525525525526
ROANOKE CITY-VA,0.051224944320712694
SALEM CITY-VA,0.041044776119402986
STAUNTON CITY-VA,0.019474196689386564
SUFFOLK CITY-VA,0.055530776092774306
VIRGINIA BEACH CITY-VA,0.01761188451835934
WAYNESBORO CITY-VA,0.046625766871165646
WILLIAMSBURG CITY-VA,0.0
WINCHESTER CITY-VA,0.01887640449438202
ALBANY-NY,0.03238439524024703
ALLEGANY-NY,0.036292300147130946
BRONX-NY,0.06212054094900592
BROOME-NY,0.026608232900297388
CATTARAUGUS-NY,0.07793472966390648
CAYUGA-NY,0.11326259946949602
CHAUTAUQUA-NY,0.08304782787446896
CHEMUNG-NY,0.10095331214861893
CHENANGO-NY,0.12699156513589505
CLINTON-NY,0.006625175667536639
COLUMBIA-NY,0.11195606252640473
CORTLAND-NY,0.019150503314510188
DELAWARE-NY,0.05315379163713678
DUTCHESS-NY,0.03553180243143243
ERIE-NY,0.040416845724108294
ESSEX-NY,0.12777053455019557
FRANKLIN-NY,0.1226696495152871
FULTON-NY,0.09362460989745876
GENESEE-NY,0.0769835035349568
GREENE-NY,0.13886063072227875
HAMILTON-NY,0.030927835051546393
HERKIMER-NY,0.11527904849039342
JEFFERSON-NY,0.08313817330210772
KINGS-NY,0.03998021982123197
LEWIS-NY,0.027070063694267517
LIVINGSTON-NY,0.03234381922906513
MADISON-NY,0.040735873850197106
MONROE-NY,0.042693736794812635
MONTGOMERY-NY,0.1076158940397351
NASSAU-NY,0.022271486038112576
NEW YORK-NY,0.029305903525177316
NIAGARA-NY,0.03771030748404564
ONEIDA-NY,0.05729429581019687
ONONDAGA-NY,0.046382121267631436
ONTARIO-NY,0.022619673855865333
ORANGE-NY,0.06370623398804441
ORLEANS-NY,0.07848232848232849
OSWEGO-NY,0.059427828348504554
OTSEGO-NY,0.048414376321353064
PUTNAM-NY,0.02864311101818942
QUEENS-NY,0.045161923882681566
RENSSELAER-NY,0.04787176432362179
RICHMOND-NY,0.02497276095009806
ROCKLAND-NY,0.03508028191404801
ST. LAWRENCE-NY,0.11714219438645326
SARATOGA-NY,0.030152048793059015
SCHENECTADY-NY,0.049766112266112265
SCHOHARIE-NY,0.043200785468826705
SCHUYLER-NY,0.05434782608695652
SENECA-NY,0.2988826815642458
STEUBEN-NY,0.14594474153297682
SUFFOLK-NY,0.036870990183195486
SULLIVAN-NY,0.06319606319606319
TIOGA-NY,0.05763308402991641
TOMPKINS-NY,0.010180796910654731
ULSTER-NY,0.029561671763506627
WARREN-NY,0.10411449016100179
WASHINGTON-NY,0.10558530986993114
WAYNE-NY,0.06557377049180328
WESTCHESTER-NY,0.02782402357578889
WYOMING-NY,0.08647594278283485
YATES-NY,0.389686684073107
AURORA-SD,0.11180124223602485
BEADLE-SD,0.06824146981627296
BENNETT-SD,0.0
BON HOMME-SD,0.16444444444444445
BROOKINGS-SD,0.008928571428571428
BROWN-SD,0.08031206975676916
BRULE-SD,0.3577586206896552
BUFFALO-SD,0.03488372093023256
BUTTE-SD,0.07847082494969819
CAMPBELL-SD,0.0
CHARLES MIX-SD,0.2017857142857143
CLARK-SD,0.10619469026548672
CLAY-SD,0.016226240148354196
CODINGTON-SD,0.04421052631578947
CORSON-SD,0.0364963503649635
CUSTER-SD,0.03481012658227848
DAVISON-SD,0.01564129301355579
DAY-SD,0.02575107296137339
DEUEL-SD,0.0
DEWEY-SD,0.16147308781869688
DOUGLAS-SD,0.2413793103448276
EDMUNDS-SD,0.0
FALL RIVER-SD,0.08955223880597014
FAULK-SD,0.0
GRANT-SD,0.3649425287356322
GREGORY-SD,0.11494252873563218
HAAKON-SD,0.06557377049180328
HAMLIN-SD,0.02459016393442623
HAND-SD,0.23376623376623376
HANSON-SD,0.12955465587044535
HARDING-SD,0.0
HUGHES-SD,0.013774104683195593
HUTCHINSON-SD,0.24345549738219896
HYDE-SD,0.0
JACKSON-SD,0.26262626262626265
JERAULD-SD,0.06666666666666667
JONES-SD,0.0
KINGSBURY-SD,0.0893854748603352
LAKE-SD,0.002544529262086514
LAWRENCE-SD,0.060085836909871244
LINCOLN-SD,0.18455743879472694
LYMAN-SD,0.08808290155440414
MCCOOK-SD,0.003663003663003663
MCPHERSON-SD,0.0
MARSHALL-SD,0.016666666666666666
MEADE-SD,0.06416275430359937
MELLETTE-SD,0.2923076923076923
MINER-SD,0.0
MINNEHAHA-SD,0.08387688544639217
MOODY-SD,0.008032128514056224
OGLALA LAKOTA-SD,0.08950914340712224
PENNINGTON-SD,0.03776379118844872
PERKINS-SD,0.0
POTTER-SD,0.0
ROBERTS-SD,0.09775967413441955
SANBORN-SD,0.20192307692307693
SPINK-SD,0.021447721179624665
STANLEY-SD,0.0
SULLY-SD,0.2826086956521739
TODD-SD,0.15465116279069768
TRIPP-SD,0.04242424242424243
TURNER-SD,0.25061425061425063
UNION-SD,0.08226950354609928
WALWORTH-SD,0.10358565737051793
YANKTON-SD,0.07727272727272727
ZIEBACH-SD,0.08421052631578947
ALLEGANY-MD,0.03903002309468822
ANNE ARUNDEL-MD,0.04260046737922844
BALTIMORE-MD,0.051457529186104335
CALVERT-MD,0.01436720895837735
CAROLINE-MD,0.058394160583941604
CARROLL-MD,0.012947448591012947
CECIL-MD,0.03659506762132061
CHARLES-MD,0.03584106263597847
DORCHESTER-MD,0.08729595457771469
FREDERICK-MD,0.04119253527537551
GARRETT-MD,0.04169562195969423
HARFORD-MD,0.029850746268656716
HOWARD-MD,0.01411677295523497
KENT-MD,0.009587020648967551
MONTGOMERY-MD,0.027583425748563362
PRINCE GEORGE'S-MD,0.03980466036584082
QUEEN ANNE'S-MD,0.040639269406392696
ST. MARY'S-MD,0.03310051624658366
SOMERSET-MD,0.05446485117162761
TALBOT-MD,0.046153846153846156
WASHINGTON-MD,0.06848908037438717
WICOMICO-MD,0.05084097859327217
WORCESTER-MD,0.07253886010362694
BALTIMORE CITY-MD,0.051198294536327064
ALAMEDA-CA,0.032452387616115574
ALPINE-CA,0.0
AMADOR-CA,0.05701179554390563
BUTTE-CA,0.043458371454711806
CALAVERAS-CA,0.0042395336512983575
COLUSA-CA,0.0037285607755406414
CONTRA COSTA-CA,0.02587402885682575
DEL NORTE-CA,0.059336823734729496
EL DORADO-CA,0.10008986744551786
FRESNO-CA,0.05297770004372541
GLENN-CA,0.03827460510328068
HUMBOLDT-CA,0.02949533216073603
IMPERIAL-CA,0.02236913602608223
INYO-CA,0.005235602094240838
KERN-CA,0.05095726165151808
KINGS-CA,0.02433901655547319
LAKE-CA,0.05708955223880597
LASSEN-CA,0.06560636182902585
LOS ANGELES-CA,0.03848774178260054
MADERA-CA,0.028587015821058374
MARIN-CA,0.028256374913852515
MARIPOSA-CA,0.004618937644341801
MENDOCINO-CA,0.0327790973871734
MERCED-CA,0.032703603746626446
MODOC-CA,0.03293413173652695
MONO-CA,0.06108202443280977
MONTEREY-CA,0.0624699085219066
NAPA-CA,0.04876741693461951
NEVADA-CA,0.012639029322548028
ORANGE-CA,0.02558739412270485
PLACER-CA,0.03305307409353652
PLUMAS-CA,0.05226130653266332
RIVERSIDE-CA,0.02509463355490861
SACRAMENTO-CA,0.03128857403531369
SAN BENITO-CA,0.010132282578103011
SAN BERNARDINO-CA,0.04110313865394637
SAN DIEGO-CA,0.030316779901849573
SAN FRANCISCO-CA,0.01401776114053602
SAN JOAQUIN-CA,0.043859250851305334
SAN LUIS OBISPO-CA,0.019838809671419714
SAN MATEO-CA,0.024853487159031636
SANTA BARBARA-CA,0.028260536398467432
SANTA CLARA-CA,0.020050730764585096
SANTA CRUZ-CA,0.016962762220214794
SHASTA-CA,0.024795437639474338
SIERRA-CA,0.0
SISKIYOU-CA,0.020127638684339717
SOLANO-CA,0.04304003057227477
SONOMA-CA,0.03560781020365316
STANISLAUS-CA,0.020866981071128627
SUTTER-CA,0.03615863141524106
TEHAMA-CA,0.0064780088646437094
TRINITY-CA,0.0
TULARE-CA,0.03664111873067097
TUOLUMNE-CA,0.013837147418839808
VENTURA-CA,0.036391697235394115
YOLO-CA,0.028329832498518878
YUBA-CA,0.033261802575107295
ADAIR-MO,0.04964539007092199
ANDREW-MO,0.001088139281828074
ATCHISON-MO,0.08376963350785341
AUDRAIN-MO,0.07332293291731669
BARRY-MO,0.18061674008810572
BARTON-MO,0.19282511210762332
BATES-MO,0.13793103448275862
BENTON-MO,0.11407407407407408
BOLLINGER-MO,0.08995502248875563
BOONE-MO,0.021904091371352578
BUCHANAN-MO,0.12428782443553492
BUTLER-MO,0.10381543921916593
CALDWELL-MO,0.10663983903420524
CALLAWAY-MO,0.039876113046844755
CAMDEN-MO,0.09487569761542364
CAPE GIRARDEAU-MO,0.055783783783783784
CARROLL-MO,0.1226158038147139
CARTER-MO,0.015945330296127564
CASS-MO,0.0629395218002813
CEDAR-MO,0.2636363636363636
CHARITON-MO,0.38596491228070173
CHRISTIAN-MO,0.026530612244897958
CLARK-MO,0.061946902654867256
CLAY-MO,0.041764278213102836
CLINTON-MO,0.06356968215158924
COLE-MO,0.04223944013996501
COOPER-MO,0.02249718785151856
CRAWFORD-MO,0.05279831045406547
DADE-MO,0.025821596244131457
DALLAS-MO,0.2941874258600237
DAVIESS-MO,0.4126315789473684
DEKALB-MO,0.06926406926406926
DENT-MO,0.010139416983523447
DOUGLAS-MO,0.05405405405405406
DUNKLIN-MO,0.03936039360393604
FRANKLIN-MO,0.04438795463433711
GASCONADE-MO,0.04091653027823241
GENTRY-MO,0.19661016949152543
GREENE-MO,0.07883535870705077
GRUNDY-MO,0.10385259631490787
HARRISON-MO,0.05198019801980198
HENRY-MO,0.0626204238921002
HICKORY-MO,0.3787878787878788
HOLT-MO,0.012121212121212121
HOWARD-MO,0.23133235724743778
HOWELL-MO,0.11317829457364341
IRON-MO,0.038636363636363635
JACKSON-MO,0.05188196326407708
JASPER-MO,0.03128509545965025
JEFFERSON-MO,0.030996928232337337
JOHNSON-MO,0.09197860962566845
KNOX-MO,0.5567765567765568
LACLEDE-MO,0.023241590214067277
LAFAYETTE-MO,0.03937007874015748
LAWRENCE-MO,0.20602766798418973
LEWIS-MO,0.038461538461538464
LINCOLN-MO,0.049516908212560384
LINN-MO,0.1
LIVINGSTON-MO,0.021352313167259787
MCDONALD-MO,0.06255212677231026
MACON-MO,0.04068241469816273
MADISON-MO,0.0
MARIES-MO,0.034013605442176874
MARION-MO,0.05807275047862157
MERCER-MO,0.0
MILLER-MO,0.11343012704174228
MISSISSIPPI-MO,0.08992805755395683
MONITEAU-MO,0.3902728351126928
MONROE-MO,0.2622549019607843
MONTGOMERY-MO,0.13214990138067062
MORGAN-MO,0.5567117585848075
NEW MADRID-MO,0.12960235640648013
NEWTON-MO,0.054922279792746116
NODAWAY-MO,0.02506868131868132
OREGON-MO,0.19196428571428573
OSAGE-MO,0.11820652173913043
OZARK-MO,0.01735357917570499
PEMISCOT-MO,0.1755050505050505
PERRY-MO,0.006355932203389831
PETTIS-MO,0.01729957805907173
PHELPS-MO,0.026141913243320884
PIKE-MO,0.15950920245398773
PLATTE-MO,0.06526228831061545
POLK-MO,0.07227138643067847
PULASKI-MO,0.005679270662083395
PUTNAM-MO,0.038314176245210725
RALLS-MO,0.12393162393162394
RANDOLPH-MO,0.10466138962181179
RAY-MO,0.08691588785046729
REYNOLDS-MO,0.0627062706270627
RIPLEY-MO,0.027522935779816515
ST. CHARLES-MO,0.019164817429897115
ST. CLAIR-MO,0.10094637223974763
STE. GENEVIEVE-MO,0.16084788029925187
ST. FRANCOIS-MO,0.05640864932623002
ST. LOUIS-MO,0.03137803537523733
SALINE-MO,0.03741496598639456
SCHUYLER-MO,0.3082706766917293
SCOTLAND-MO,0.5674740484429066
SCOTT-MO,0.06242118537200504
SHANNON-MO,0.25835866261398177
SHELBY-MO,0.11148648648648649
STODDARD-MO,0.0979020979020979
STONE-MO,0.02966432474629196
SULLIVAN-MO,0.040293040293040296
TANEY-MO,0.041006202618883526
TEXAS-MO,0.11945117029862792
VERNON-MO,0.2032520325203252
WARREN-MO,0.09154929577464789
WASHINGTON-MO,0.049107142857142856
WAYNE-MO,0.02258064516129032
WEBSTER-MO,0.33666969972702454
WORTH-MO,0.030303030303030304
WRIGHT-MO,0.2515090543259557
ST. LOUIS CITY-MO,0.05159570297184976
AITKIN-MN,0.0677361853832442
ANOKA-MN,0.051324693198761324
BECKER-MN,0.06805970149253732
BELTRAMI-MN,0.07021276595744681
BENTON-MN,0.09409799554565701
BIG STONE-MN,0.125
BLUE EARTH-MN,0.02680098840524615
BROWN-MN,0.013004791238877482
CARLTON-MN,0.03708133971291866
CARVER-MN,0.02037797863599014
CASS-MN,0.08203445447087777
CHIPPEWA-MN,0.007352941176470588
CHISAGO-MN,0.04052649809490821
CLAY-MN,0.023276049597563627
CLEARWATER-MN,0.06605922551252848
COOK-MN,0.1282051282051282
COTTONWOOD-MN,0.022058823529411766
CROW WING-MN,0.08327598072952512
DAKOTA-MN,0.033212121212121214
DODGE-MN,0.006194690265486726
DOUGLAS-MN,0.0335195530726257
FARIBAULT-MN,0.03866432337434095
FILLMORE-MN,0.16337148803329865
FREEBORN-MN,0.13717848791894
GOODHUE-MN,0.01606425702811245
GRANT-MN,0.0048543689320388345
HENNEPIN-MN,0.03606568857452992
HOUSTON-MN,0.0
HUBBARD-MN,0.09920182440136831
ISANTI-MN,0.07214765100671142
ITASCA-MN,0.032413491020586944
JACKSON-MN,0.02689486552567237
KANABEC-MN,0.11923076923076924
KANDIYOHI-MN,0.07401574803149606
KITTSON-MN,0.0
KOOCHICHING-MN,0.008183306055646482
LAC QUI PARLE-MN,0.012779552715654952
LAKE-MN,0.15406976744186046
LAKE OF THE WOODS-MN,0.0
LE SUEUR-MN,0.06603081438004402
LINCOLN-MN,0.045081967213114756
LYON-MN,0.0425273390036452
MCLEOD-MN,0.017836593785960874
MAHNOMEN-MN,0.17785234899328858
MARSHALL-MN,0.009259259259259259
MARTIN-MN,0.024361948955916472
MEEKER-MN,0.04010238907849829
MILLE LACS-MN,0.1067193675889328
MORRISON-MN,0.04370515329419439
MOWER-MN,0.14984709480122324
MURRAY-MN,0.125
NICOLLET-MN,0.021033379058070414
NOBLES-MN,0.07506950880444857
NORMAN-MN,0.11320754716981132
OLMSTED-MN,0.053609417103956884
OTTER TAIL-MN,0.06520905255082471
PENNINGTON-MN,0.006006006006006006
PINE-MN,0.07038123167155426
PIPESTONE-MN,0.17233009708737865
POLK-MN,0.09245283018867924
POPE-MN,0.07838479809976247
RAMSEY-MN,0.05849503410737638
RED LAKE-MN,0.034482758620689655
REDWOOD-MN,0.02564102564102564
RENVILLE-MN,0.1380952380952381
RICE-MN,0.019770408163265307
ROCK-MN,0.1237721021611002
ROSEAU-MN,0.05532503457814661
ST. LOUIS-MN,0.04046679539921081
SCOTT-MN,0.05142572531440667
SHERBURNE-MN,0.07271733187534171
SIBLEY-MN,0.06569343065693431
STEARNS-MN,0.02956298200514139
STEELE-MN,0.020763187429854096
STEVENS-MN,0.11329479768786127
SWIFT-MN,0.014018691588785047
TODD-MN,0.1825922421948912
TRAVERSE-MN,0.057692307692307696
WABASHA-MN,0.10961737331954498
WADENA-MN,0.11059907834101383
WASECA-MN,0.027921406411582212
WASHINGTON-MN,0.0290209256147854
WATONWAN-MN,0.12314540059347182
WILKIN-MN,0.0
WINONA-MN,0.015302404663589992
WRIGHT-MN,0.05517597009153023
YELLOW MEDICINE-MN,0.011389521640091117
ALACHUA-FL,0.026683150466182456
BAKER-FL,0.04835924006908463
BAY-FL,0.03445635528330781
BRADFORD-FL,0.07685738684884715
BREVARD-FL,0.050224916878544884
BROWARD-FL,0.04248589113417076
CALHOUN-FL,0.2838541666666667
CHARLOTTE-FL,0.05343796711509716
CITRUS-FL,0.04899314926302678
CLAY-FL,0.06859142607174103
COLLIER-FL,0.05586825099020221
COLUMBIA-FL,0.1558041958041958
DESOTO-FL,0.2538730634682659
DIXIE-FL,0.047619047619047616
DUVAL-FL,0.055120633612599
ESCAMBIA-FL,0.06309615173774806
FLAGLER-FL,0.024780701754385966
FRANKLIN-FL,0.14705882352941177
GADSDEN-FL,0.10325786858089453
GILCHRIST-FL,0.0945273631840796
GLADES-FL,0.30019880715705766
GULF-FL,0.0539568345323741
HAMILTON-FL,0.12289562289562289
HARDEE-FL,0.14548126377663484
HENDRY-FL,0.13529128550794414
HERNANDO-FL,0.11919060052219321
HIGHLANDS-FL,0.11582599412863624
HILLSBOROUGH-FL,0.06157915655880378
HOLMES-FL,0.10104529616724739
INDIAN RIVER-FL,0.06460912328302526
JACKSON-FL,0.06964285714285715
JEFFERSON-FL,0.0
LAFAYETTE-FL,0.0
LAKE-FL,0.07829452007463203
LEE-FL,0.08488864106012399
LEON-FL,0.027678649142658194
LEVY-FL,0.07591623036649214
LIBERTY-FL,0.11353711790393013
MADISON-FL,0.13807982740021574
MANATEE-FL,0.1079549114331723
MARION-FL,0.07547948030521758
MARTIN-FL,0.07021709633649932
MIAMI-DADE-FL,0.05275136596854902
MONROE-FL,0.01854714064914992
NASSAU-FL,0.056505360764995655
OKALOOSA-FL,0.08593316309537027
OKEECHOBEE-FL,0.18001618122977348
ORANGE-FL,0.0331201653215672
OSCEOLA-FL,0.06685210051793593
PALM BEACH-FL,0.0586047229510727
PASCO-FL,0.06600935828877005
PINELLAS-FL,0.05679553607014747
POLK-FL,0.06709669987905316
PUTNAM-FL,0.10617626648161
ST. JOHNS-FL,0.04448616439474329
ST. LUCIE-FL,0.061635040662005994
SANTA ROSA-FL,0.04381061038220194
SARASOTA-FL,0.05047619047619047
SEMINOLE-FL,0.03894674067617781
SUMTER-FL,0.20072992700729927
SUWANNEE-FL,0.07751605995717345
TAYLOR-FL,0.30833333333333335
UNION-FL,0.23595505617977527
VOLUSIA-FL,0.07095501846257134
WAKULLA-FL,0.043034281546316555
WALTON-FL,0.021453287197231833
WASHINGTON-FL,0.13550420168067226
ADAMS-IN,0.48860625331213564
ALLEN-IN,0.08000387427962613
BARTHOLOMEW-IN,0.04118084842470851
BENTON-IN,0.06175771971496437
BLACKFORD-IN,0.07977736549165121
BOONE-IN,0.03871548619447779
BROWN-IN,0.052547770700636945
CARROLL-IN,0.08902077151335312
CASS-IN,0.04387656702025072
CLARK-IN,0.03058994901675164
CLAY-IN,0.15350089766606823
CLINTON-IN,0.02373887240356083
CRAWFORD-IN,0.12941176470588237
DAVIESS-IN,0.562058526740666
DEARBORN-IN,0.0840118430792006
DECATUR-IN,0.02641802641802642
DEKALB-IN,0.03522068658047258
DELAWARE-IN,0.03250807319698601
DUBOIS-IN,0.047869542346133616
ELKHART-IN,0.19932781799379523
FAYETTE-IN,0.12818532818532818
FLOYD-IN,0.004218362282878412
FOUNTAIN-IN,0.12716763005780346
FRANKLIN-IN,0.078125
FULTON-IN,0.11210762331838565
GIBSON-IN,0.032117583015786606
GRANT-IN,0.06289903050366517
GREENE-IN,0.06114885731933292
HAMILTON-IN,0.056555863342566945
HANCOCK-IN,0.05641421947449768
HARRISON-IN,0.018443804034582133
HENDRICKS-IN,0.033152909336941816
HENRY-IN,0.06157303370786517
HOWARD-IN,0.04416403785488959
HUNTINGTON-IN,0.0561576354679803
JACKSON-IN,0.04019138755980861
JASPER-IN,0.04640718562874251
JAY-IN,0.08677685950413223
JEFFERSON-IN,0.03126744835287549
JENNINGS-IN,0.033503277494537506
JOHNSON-IN,0.046918013165769
KNOX-IN,0.006641760066417601
KOSCIUSKO-IN,0.18521015958642392
LAGRANGE-IN,0.9066059225512528
LAKE-IN,0.03526827012025902
LAPORTE-IN,0.08699289000418235
LAWRENCE-IN,0.14630091438071488
MADISON-IN,0.06591616056880462
MARION-IN,0.06834685124633742
MARSHALL-IN,0.19634888438133874
MARTIN-IN,0.09922178988326848
MIAMI-IN,0.02960331557134399
MONROE-IN,0.016130139336948315
MONTGOMERY-IN,0.058173076923076925
MORGAN-IN,0.05960805661404464
NEWTON-IN,0.039492242595204514
NOBLE-IN,0.06721991701244813
OHIO-IN,0.0
ORANGE-IN,0.20628272251308902
OWEN-IN,0.04055496264674493
PARKE-IN,0.3272450532724505
PERRY-IN,0.11271676300578035
PIKE-IN,0.08011869436201781
PORTER-IN,0.030243044099857033
POSEY-IN,0.030603804797353185
PULASKI-IN,0.017350157728706624
PUTNAM-IN,0.021076401957094468
RANDOLPH-IN,0.030046224961479198
RIPLEY-IN,0.1048906048906049
RUSH-IN,0.21239954075774972
ST. JOSEPH-IN,0.04876398966916738
SCOTT-IN,0.09479553903345725
SHELBY-IN,0.12296650717703349
SPENCER-IN,0.08416389811738649
STARKE-IN,0.09812667261373774
STEUBEN-IN,0.05
SULLIVAN-IN,0.016930022573363433
SWITZERLAND-IN,0.05235602094240838
TIPPECANOE-IN,0.016443396768815042
TIPTON-IN,0.11789772727272728
UNION-IN,0.03680981595092025
VANDERBURGH-IN,0.04744764397905759
VERMILLION-IN,0.03708609271523179
VIGO-IN,0.05604379772367094
WABASH-IN,0.0665163472378805
WARREN-IN,0.007434944237918215
WARRICK-IN,0.03531157270029674
WASHINGTON-IN,0.19894498869630747
WAYNE-IN,0.06660772178013558
WELLS-IN,0.07329105003523609
WHITE-IN,0.08354646206308611
WHITLEY-IN,0.07862407862407862
ALEUTIANS EAST BOROUGH-AK,0.017857142857142856
ALEUTIANS WEST CENSUS AREA-AK,0.0796812749003984
ANCHORAGE MUNICIPALITY-AK,0.03667307555365663
BETHEL CENSUS AREA-AK,0.07615062761506276
BRISTOL BAY BOROUGH-AK,0.0
DENALI BOROUGH-AK,0.06711409395973154
DILLINGHAM CENSUS AREA-AK,0.08417508417508418
FAIRBANKS NORTH STAR BOROUGH-AK,0.0051292572835453425
HAINES BOROUGH-AK,0.0
HOONAH-ANGOON CENSUS AREA-AK,0.2765957446808511
JUNEAU CITY AND BOROUGH-AK,0.05555555555555555
KENAI PENINSULA BOROUGH-AK,0.025596072931276297
KETCHIKAN GATEWAY BOROUGH-AK,0.07599309153713299
KODIAK ISLAND BOROUGH-AK,0.04748603351955307
KUSILVAK CENSUS AREA-AK,0.12982456140350876
LAKE AND PENINSULA BOROUGH-AK,0.03076923076923077
MATANUSKA-SUSITNA BOROUGH-AK,0.08096666078673487
NOME CENSUS AREA-AK,0.022364217252396165
NORTH SLOPE BOROUGH-AK,0.03861788617886179
NORTHWEST ARCTIC BOROUGH-AK,0.058823529411764705
PETERSBURG BOROUGH-AK,0.0
PRINCE OF WALES-HYDER CENSUS AREA-AK,0.04240282685512368
SITKA CITY AND BOROUGH-AK,0.16829268292682928
SKAGWAY MUNICIPALITY-AK,0.0
SOUTHEAST FAIRBANKS CENSUS AREA-AK,0.07428571428571429
WRANGELL CITY AND BOROUGH-AK,0.06722689075630252
YAKUTAT CITY AND BOROUGH-AK,0.0
YUKON-KOYUKUK CENSUS AREA-AK,0.05904059040590406
CHUGACH CENSUS AREA-AK,0.0043859649122807015
COPPER RIVER CENSUS AREA-AK,0.09302325581395349
KENT-DE,0.1284442560406952
NEW CASTLE-DE,0.04294199746827226
SUSSEX-DE,0.07983539094650206
ADAMS-WA,0.049789029535864976
ASOTIN-WA,0.3230769230769231
BENTON-WA,0.06304957904583723
CHELAN-WA,0.06937394247038917
CLALLAM-WA,0.07383741569045084
CLARK-WA,0.06068982589322551
COLUMBIA-WA,0.0
COWLITZ-WA,0.04928092042186002
DOUGLAS-WA,0.05692167577413479
FERRY-WA,0.05860805860805861
FRANKLIN-WA,0.03695829926410466
GARFIELD-WA,0.0
GRANT-WA,0.0580936266215454
GRAYS HARBOR-WA,0.0902469917669411
ISLAND-WA,0.06483482556344551
JEFFERSON-WA,0.1175030599755202
KING-WA,0.04628316148292435
KITSAP-WA,0.05989830216323365
KITTITAS-WA,0.03296703296703297
KLICKITAT-WA,0.04343105320304017
LEWIS-WA,0.09099975068561456
LINCOLN-WA,0.0039447731755424065
MASON-WA,0.08713410483321987
OKANOGAN-WA,0.08157752566180443
PACIFIC-WA,0.11853448275862069
PEND OREILLE-WA,0.050473186119873815
PIERCE-WA,0.056181115511236224
SAN JUAN-WA,0.030418250950570342
SKAGIT-WA,0.09825912286575159
SKAMANIA-WA,0.12022900763358779
SNOHOMISH-WA,0.054725292543847795
SPOKANE-WA,0.060008606188632005
STEVENS-WA,0.0796277145811789
THURSTON-WA,0.0903904571386234
WAHKIAKUM-WA,0.32432432432432434
WALLA WALLA-WA,0.0609007164790174
WHATCOM-WA,0.03082882737470745
WHITMAN-WA,0.0022497187851518562
YAKIMA-WA,0.10529938059187888
ADAMS-ND,0.0
BARNES-ND,0.2144082332761578
BENSON-ND,0.09375
BILLINGS-ND,0.0
BOTTINEAU-ND,0.011299435028248588
BOWMAN-ND,0.17518248175182483
BURKE-ND,0.0
BURLEIGH-ND,0.04285429539565477
CASS-ND,0.013757613946649863
CAVALIER-ND,0.0
DICKEY-ND,0.09578544061302682
DIVIDE-ND,0.047619047619047616
DUNN-ND,0.023148148148148147
EDDY-ND,0.0
EMMONS-ND,0.08139534883720931
FOSTER-ND,0.0
GOLDEN VALLEY-ND,0.189873417721519
GRAND FORKS-ND,0.056412337662337664
GRANT-ND,0.0125
GRIGGS-ND,0.0
HETTINGER-ND,0.37777777777777777
KIDDER-ND,0.0
LAMOURE-ND,0.2185430463576159
LOGAN-ND,0.029850746268656716
MCHENRY-ND,0.0365296803652968
MCINTOSH-ND,0.2903225806451613
MCKENZIE-ND,0.22105263157894736
MCLEAN-ND,0.021212121212121213
MERCER-ND,0.02168021680216802
MORTON-ND,0.18160741885625967
MOUNTRAIL-ND,0.15165165165165165
NELSON-ND,0.0
OLIVER-ND,0.08
PEMBINA-ND,0.21212121212121213
PIERCE-ND,0.0
RAMSEY-ND,0.11272141706924316
RANSOM-ND,0.03977272727272727
RENVILLE-ND,0.010101010101010102
RICHLAND-ND,0.05101214574898785
ROLETTE-ND,0.19806243272335844
SARGENT-ND,0.0
SHERIDAN-ND,0.325
SIOUX-ND,0.2972972972972973
SLOPE-ND,0.0
STARK-ND,0.006868131868131868
STEELE-ND,0.11764705882352941
STUTSMAN-ND,0.10353753235547886
TOWNER-ND,0.0
TRAILL-ND,0.0
WALSH-ND,0.008385744234800839
WARD-ND,0.030191873589164784
WELLS-ND,0.0
WILLIAMS-ND,0.22713864306784662
FAIRFIELD-CT,0.0327906931727996
HARTFORD-CT,0.03395834217112798
LITCHFIELD-CT,0.031914893617021274
MIDDLESEX-CT,0.03035143769968051
NEW HAVEN-CT,0.02076958544661944
NEW LONDON-CT,0.02622602895474873
TOLLAND-CT,0.03376270101608129
WINDHAM-CT,0.06945270672218917
ATLANTIC-NJ,0.02503576537911302
BERGEN-NJ,0.015841326331322424
BURLINGTON-NJ,0.029554079696394685
CAMDEN-NJ,0.044433493491027064
CAPE MAY-NJ,0.06779661016949153
CUMBERLAND-NJ,0.1277808676307008
ESSEX-NJ,0.04125999344278833
GLOUCESTER-NJ,0.019869333872162727
HUDSON-NJ,0.0530123339658444
HUNTERDON-NJ,0.044176155851282754
MERCER-NJ,0.026579266376330086
MIDDLESEX-NJ,0.01691609977324263
MONMOUTH-NJ,0.018789847964688574
MORRIS-NJ,0.020481881412596548
OCEAN-NJ,0.028782287822878228
PASSAIC-NJ,0.03839358021055731
SALEM-NJ,0.04499178981937603
SOMERSET-NJ,0.02815811406119776
SUSSEX-NJ,0.009523809523809525
UNION-NJ,0.03062465450525152
WARREN-NJ,0.027051727289343814
ALCONA-MI,0.13183279742765272
ALGER-MI,0.09
ALLEGAN-MI,0.0508531281365005
ALPENA-MI,0.10734017363851618
ANTRIM-MI,0.054133858267716536
ARENAC-MI,0.06435643564356436
BARAGA-MI,0.24251497005988024
BARRY-MI,0.09528619528619528
BAY-MI,0.06187256709690637
BENZIE-MI,0.02654867256637168
BERRIEN-MI,0.057085771371485655
BRANCH-MI,0.10191678354371202
CALHOUN-MI,0.04174203422846807
CASS-MI,0.05249537892791128
CHARLEVOIX-MI,0.06551410373066424
CHEBOYGAN-MI,0.09300184162062615
CHIPPEWA-MI,0.1350635593220339
CLARE-MI,0.24829674489023468
CLINTON-MI,0.03504790721129602
CRAWFORD-MI,0.07407407407407407
DELTA-MI,0.03848431024274719
DICKINSON-MI,0.0071111111111111115
EATON-MI,0.06846281601771545
EMMET-MI,0.028795811518324606
GENESEE-MI,0.05389250894125717
GLADWIN-MI,0.0790616854908775
GOGEBIC-MI,0.055267702936096716
GRAND TRAVERSE-MI,0.04350860865518846
GRATIOT-MI,0.0414765657403567
HILLSDALE-MI,0.0803960396039604
HOUGHTON-MI,0.016644474034620507
HURON-MI,0.07541241162608013
INGHAM-MI,0.02036065018625127
IONIA-MI,0.04730831973898858
IOSCO-MI,0.08565072302558398
IRON-MI,0.06930693069306931
ISABELLA-MI,0.06830785878533747
JACKSON-MI,0.04825
KALAMAZOO-MI,0.05942690755079082
KALKASKA-MI,0.12242268041237113
KENT-MI,0.042544378698224854
KEWEENAW-MI,0.029850746268656716
LAKE-MI,0.009685230024213076
LAPEER-MI,0.07710118082889558
LEELANAU-MI,0.05605095541401274
LENAWEE-MI,0.0641502053588891
LIVINGSTON-MI,0.0462
LUCE-MI,0.046762589928057555
MACKINAC-MI,0.19607843137254902
MACOMB-MI,0.04957134785919576
MANISTEE-MI,0.05612244897959184
MARQUETTE-MI,0.058962884969728874
MASON-MI,0.07974481658692185
MECOSTA-MI,0.09292274446245273
MENOMINEE-MI,0.08682634730538923
MIDLAND-MI,0.04013961605584642
MISSAUKEE-MI,0.04908835904628331
MONROE-MI,0.05931278974638669
MONTCALM-MI,0.10594594594594595
MONTMORENCY-MI,0.05263157894736842
MUSKEGON-MI,0.0719327731092437
NEWAYGO-MI,0.1279119017365523
OAKLAND-MI,0.04333266693322671
OCEANA-MI,0.053401609363569864
OGEMAW-MI,0.05723542116630669
ONTONAGON-MI,0.1784037558685446
OSCEOLA-MI,0.17394888705688377
OSCODA-MI,0.3904761904761905
OTSEGO-MI,0.16666666666666666
OTTAWA-MI,0.05605760402068332
PRESQUE ISLE-MI,0.05726872246696035
ROSCOMMON-MI,0.34782608695652173
SAGINAW-MI,0.047516198704103674
ST. CLAIR-MI,0.08609191221050079
ST. JOSEPH-MI,0.1578783151326053
SANILAC-MI,0.11481113320079522
SCHOOLCRAFT-MI,0.10038610038610038
SHIAWASSEE-MI,0.07497940126338917
TUSCOLA-MI,0.07545638945233266
VAN BUREN-MI,0.049933949801849405
WASHTENAW-MI,0.015735969920623868
WAYNE-MI,0.06157168319546639
WEXFORD-MI,0.06091370558375635
ADAIR-IA,0.04460966542750929
ADAMS-IA,0.0
ALLAMAKEE-IA,0.22535211267605634
APPANOOSE-IA,0.11806797853309481
AUDUBON-IA,0.038461538461538464
BENTON-IA,0.03732503888024884
BLACK HAWK-IA,0.04807692307692308
BOONE-IA,0.015362106803218726
BREMER-IA,0.033966609096142776
BUCHANAN-IA,0.24584103512014788
BUENA VISTA-IA,0.1426563598032326
BUTLER-IA,0.02280701754385965
CALHOUN-IA,0.017482517482517484
CARROLL-IA,0.0033149171270718232
CASS-IA,0.13392857142857142
CEDAR-IA,0.008298755186721992
CERRO GORDO-IA,0.145088161209068
CHEROKEE-IA,0.012376237623762377
CHICKASAW-IA,0.19047619047619047
CLARKE-IA,0.16666666666666666
CLAY-IA,0.033967391304347824
CLAYTON-IA,0.2608108108108108
CLINTON-IA,0.03984408834993504
CRAWFORD-IA,0.046296296296296294
DALLAS-IA,0.05154639175257732
DAVIS-IA,0.8304761904761905
DECATUR-IA,0.007407407407407408
DELAWARE-IA,0.008275862068965517
DES MOINES-IA,0.06854043392504931
DICKINSON-IA,0.125810635538262
DUBUQUE-IA,0.03309450699419993
EMMET-IA,0.01884570082449941
FAYETTE-IA,0.09004739336492891
FLOYD-IA,0.1424802110817942
FRANKLIN-IA,0.0
FREMONT-IA,0.0165016501650165
GREENE-IA,0.14508928571428573
GRUNDY-IA,0.017628205128205128
GUTHRIE-IA,0.0311284046692607
HAMILTON-IA,0.03099510603588907
HANCOCK-IA,0.04090909090909091
HARDIN-IA,0.023622047244094488
HARRISON-IA,0.09457364341085271
HENRY-IA,0.014084507042253521
HOWARD-IA,0.022284122562674095
HUMBOLDT-IA,0.0
IDA-IA,0.059006211180124224
IOWA-IA,0.08055555555555556
JACKSON-IA,0.017894736842105262
JASPER-IA,0.037243947858473
JEFFERSON-IA,0.12643678160919541
JOHNSON-IA,0.04856099082241825
JONES-IA,0.1652452025586354
KEOKUK-IA,0.07520325203252033
KOSSUTH-IA,0.10089020771513353
LEE-IA,0.06799450549450549
LINN-IA,0.03704934374480811
LOUISA-IA,0.12525252525252525
LUCAS-IA,0.2
LYON-IA,0.04060913705583756
MADISON-IA,0.027434842249657063
MAHASKA-IA,0.09418070444104135
MARION-IA,0.013725490196078431
MARSHALL-IA,0.09612625538020086
MILLS-IA,0.04101838755304102
MITCHELL-IA,0.318
MONONA-IA,0.01238390092879257
MONROE-IA,0.07808564231738035
MONTGOMERY-IA,0.08423326133909287
MUSCATINE-IA,0.03008849557522124
O'BRIEN-IA,0.011283497884344146
OSCEOLA-IA,0.00819672131147541
PAGE-IA,0.015015015015015015
PALO ALTO-IA,0.0045871559633027525
PLYMOUTH-IA,0.10311572700296735
POCAHONTAS-IA,0.13170731707317074
POLK-IA,0.07079967689822295
POTTAWATTAMIE-IA,0.056482919254658384
POWESHIEK-IA,0.035888077858880776
RINGGOLD-IA,0.08463949843260188
SAC-IA,0.02481389578163772
SCOTT-IA,0.030794520547945205
SHELBY-IA,0.16428571428571428
SIOUX-IA,0.011857707509881422
STORY-IA,0.012480818414322251
TAMA-IA,0.10867178924259056
TAYLOR-IA,0.11805555555555555
UNION-IA,0.013642564802182811
VAN BUREN-IA,0.39867109634551495
WAPELLO-IA,0.07231638418079096
WARREN-IA,0.05644896619625862
WASHINGTON-IA,0.11440677966101695
WAYNE-IA,0.375
WEBSTER-IA,0.08235785953177258
WINNEBAGO-IA,0.04638472032742155
WINNESHIEK-IA,0.007281553398058253
WOODBURY-IA,0.0972972972972973
WORTH-IA,0.011627906976744186
WRIGHT-IA,0.04831932773109244
ALAMANCE-NC,0.06366171003717472
ALEXANDER-NC,0.03538283062645012
ALLEGHANY-NC,0.03592814371257485
ANSON-NC,0.043993231810490696
ASHE-NC,0.10418445772843724
AVERY-NC,0.006787330316742082
BEAUFORT-NC,0.10070140280561123
BERTIE-NC,0.09240506329113925
BLADEN-NC,0.13630653266331658
BRUNSWICK-NC,0.06673889490790899
BUNCOMBE-NC,0.05400866260054804
BURKE-NC,0.1594817958454322
CABARRUS-NC,0.05806343346199027
CALDWELL-NC,0.06887486855941115
CAMDEN-NC,0.0
CARTERET-NC,0.03599588618443606
CASWELL-NC,0.061511423550087874
CATAWBA-NC,0.05285264263213161
CHATHAM-NC,0.02646683673469388
CHEROKEE-NC,0.10497835497835498
CHOWAN-NC,0.005825242718446602
CLAY-NC,0.4869791666666667
CLEVELAND-NC,0.029357116313638052
COLUMBUS-NC,0.11354508944870391
CRAVEN-NC,0.057901337792642144
CUMBERLAND-NC,0.055099081681971966
CURRITUCK-NC,0.005434782608695652
DARE-NC,0.04585798816568047
DAVIDSON-NC,0.05972323379461034
DAVIE-NC,0.12106210621062106
DUPLIN-NC,0.11316544469238125
DURHAM-NC,0.031225368338082822
EDGECOMBE-NC,0.08272969881814717
FORSYTH-NC,0.04556611773106618
FRANKLIN-NC,0.0487359122753579
GASTON-NC,0.05321051690216419
GATES-NC,0.0
GRAHAM-NC,0.04375
GRANVILLE-NC,0.09823434991974318
GREENE-NC,0.06684981684981685
GUILFORD-NC,0.03316714929695196
HALIFAX-NC,0.0599396291504959
HARNETT-NC,0.04207030168834763
HAYWOOD-NC,0.04518430439952437
HENDERSON-NC,0.035742652899126294
HERTFORD-NC,0.06261980830670927
HOKE-NC,0.02920517560073937
HYDE-NC,0.0
IREDELL-NC,0.07253659602359624
JACKSON-NC,0.018002466091245378
JOHNSTON-NC,0.03606710158434297
JONES-NC,0.03768844221105527
LEE-NC,0.02237136465324385
LENOIR-NC,0.053875968992248065
LINCOLN-NC,0.043087121212121215
MCDOWELL-NC,0.005469915464942815
MACON-NC,0.05025125628140704
MADISON-NC,0.11491442542787286
MARTIN-NC,0.09953051643192488
MECKLENBURG-NC,0.058968104033308266
MITCHELL-NC,0.030959752321981424
MONTGOMERY-NC,0.08314937454010302
MOORE-NC,0.03781212841854935
NASH-NC,0.06678344646376178
NEW HANOVER-NC,0.04513648596693579
NORTHAMPTON-NC,0.1188118811881188
ONSLOW-NC,0.04218438410799202
ORANGE-NC,0.019536316472114137
PAMLICO-NC,0.07036247334754797
PASQUOTANK-NC,0.09685002350728726
PENDER-NC,0.050724637681159424
PERQUIMANS-NC,0.05663430420711974
PERSON-NC,0.03767123287671233
PITT-NC,0.021179208688906128
POLK-NC,0.010596026490066225
RANDOLPH-NC,0.08356582967981932
RICHMOND-NC,0.06737247353224254
ROBESON-NC,0.061356428397170044
ROCKINGHAM-NC,0.04380733944954129
ROWAN-NC,0.04777660137638962
RUTHERFORD-NC,0.050906776964683424
SAMPSON-NC,0.08363516628251565
SCOTLAND-NC,0.08263971462544589
STANLY-NC,0.12671123845908946
STOKES-NC,0.1489255372313843
SURRY-NC,0.0714495736548074
SWAIN-NC,0.04335260115606936
TRANSYLVANIA-NC,0.07013574660633484
TYRRELL-NC,0.0
UNION-NC,0.06948415164698571
VANCE-NC,0.07246980424822991
WAKE-NC,0.038936403873673
WARREN-NC,0.17134416543574593
WASHINGTON-NC,0.11450381679389313
WATAUGA-NC,0.0049225423483422615
WAYNE-NC,0.03606811145510836
WILKES-NC,0.08732017397122784
WILSON-NC,0.1293925994880149
YADKIN-NC,0.08352017937219731
YANCEY-NC,0.06027397260273973
ADDISON-VT,0.010719754977029096
BENNINGTON-VT,0.06968433591423466
CALEDONIA-VT,0.029197080291970802
CHITTENDEN-VT,0.035657085054370735
ESSEX-VT,0.0
FRANKLIN-VT,0.16007827788649706
GRAND ISLE-VT,0.03870967741935484
LAMOILLE-VT,0.07289293849658314
ORANGE-VT,0.12552011095700416
ORLEANS-VT,0.041060735671514116
RUTLAND-VT,0.017766497461928935
WASHINGTON-VT,0.05745682888540032
WINDHAM-VT,0.07750759878419453
WINDSOR-VT,0.03413284132841329
ADA-ID,0.031087460990637753
ADAMS-ID,0.19298245614035087
BANNOCK-ID,0.08034724787587735
BEAR LAKE-ID,0.05217391304347826
BENEWAH-ID,0.1893491124260355
BINGHAM-ID,0.09819297647459939
BLAINE-ID,0.0049586776859504135
BOISE-ID,0.025
BONNER-ID,0.08023072889355008
BONNEVILLE-ID,0.1306406273117325
BOUNDARY-ID,0.08957654723127036
BUTTE-ID,0.8928571428571429
CAMAS-ID,0.0
CANYON-ID,0.0669338980487067
CARIBOU-ID,0.006928406466512702
CASSIA-ID,0.04497354497354497
CLARK-ID,0.0
CLEARWATER-ID,0.00949367088607595
CUSTER-ID,0.0
ELMORE-ID,0.13676588897827835
FRANKLIN-ID,0.0
FREMONT-ID,0.038231780167264036
GEM-ID,0.0
GOODING-ID,0.37409200968523004
IDAHO-ID,0.1172106824925816
JEFFERSON-ID,0.003996003996003996
JEROME-ID,0.02526002971768202
KOOTENAI-ID,0.13233680746023038
LATAH-ID,0.0022290331568682086
LEMHI-ID,0.0858085808580858
LEWIS-ID,0.24352331606217617
LINCOLN-ID,0.026119402985074626
MADISON-ID,0.0
MINIDOKA-ID,0.01916376306620209
NEZ PERCE-ID,0.10038398244651674
ONEIDA-ID,0.15
OWYHEE-ID,0.14218566392479437
PAYETTE-ID,0.06205035971223022
POWER-ID,0.0
SHOSHONE-ID,0.19488817891373802
TETON-ID,0.2618296529968454
TWIN FALLS-ID,0.09957768392976217
VALLEY-ID,0.0
WASHINGTON-ID,0.1095890410958904
APPLING-GA,0.013371537726838587
ATKINSON-GA,0.08247422680412371
BACON-GA,0.2546972860125261
BAKER-GA,0.02830188679245283
BALDWIN-GA,0.0458323438613156
BANKS-GA,0.022774327122153208
BARROW-GA,0.0987864077669903
BARTOW-GA,0.10144927536231885
BEN HILL-GA,0.10363153232949512
BERRIEN-GA,0.10444444444444445
BIBB-GA,0.06911253225625491
BLECKLEY-GA,0.00927487352445194
BRANTLEY-GA,0.33647058823529413
BROOKS-GA,0.04116222760290557
BRYAN-GA,0.06532222709338009
BULLOCH-GA,0.027426663486763654
BURKE-GA,0.16258879242304658
BUTTS-GA,0.1582591493570722
CALHOUN-GA,0.06060606060606061
CAMDEN-GA,0.05460869565217391
CANDLER-GA,0.043243243243243246
CARROLL-GA,0.026729559748427674
CATOOSA-GA,0.0475473969304845
CHARLTON-GA,0.013774104683195593
CHATHAM-GA,0.068458384850654
CHATTAHOOCHEE-GA,0.0
CHATTOOGA-GA,0.09
CHEROKEE-GA,0.0535727703058081
CLARKE-GA,0.014321886374426333
CLAY-GA,0.0
CLAYTON-GA,0.08697212585237468
CLINCH-GA,0.05919661733615222
COBB-GA,0.052929021335922526
COFFEE-GA,0.020925553319919517
COLQUITT-GA,0.043382997370727434
COLUMBIA-GA,0.02218821729150727
COOK-GA,0.15741583257506825
COWETA-GA,0.11877842755035738
CRAWFORD-GA,0.0110062893081761
CRISP-GA,0.026
DADE-GA,0.05145413870246085
DAWSON-GA,0.04672897196261682
DECATUR-GA,0.06254826254826255
DEKALB-GA,0.072407498623707
DODGE-GA,0.13132530120481928
DOOLY-GA,0.09222222222222222
DOUGHERTY-GA,0.064540059347181
DOUGLAS-GA,0.08499199267902081
EARLY-GA,0.2816399286987522
ECHOLS-GA,0.06611570247933884
EFFINGHAM-GA,0.014632524110409046
ELBERT-GA,0.035634743875278395
EMANUEL-GA,0.23809523809523808
EVANS-GA,0.026004728132387706
FANNIN-GA,0.19269102990033224
FAYETTE-GA,0.023701390860062448
FLOYD-GA,0.07786232525216776
FORSYTH-GA,0.0375037503750375
FRANKLIN-GA,0.013835511145272867
FULTON-GA,0.036901017413765835
GILMER-GA,0.028790786948176585
GLASCOCK-GA,0.038910505836575876
GLYNN-GA,0.1442480143479375
GORDON-GA,0.14309373964889036
GRADY-GA,0.03597122302158273
GREENE-GA,0.061714285714285715
GWINNETT-GA,0.05199769888841464
HABERSHAM-GA,0.07593502077823952
HALL-GA,0.10012674271229405
HANCOCK-GA,0.375
HARALSON-GA,0.06989247311827956
HARRIS-GA,0.01820250284414107
HART-GA,0.03259604190919674
HEARD-GA,0.2857142857142857
HENRY-GA,0.05210274154910833
HOUSTON-GA,0.037701317715959005
IRWIN-GA,0.0
JACKSON-GA,0.05785123966942149
JASPER-GA,0.0625
JEFF DAVIS-GA,0.0035587188612099642
JEFFERSON-GA,0.029345372460496615
JENKINS-GA,0.0
JOHNSON-GA,0.141643059490085
JONES-GA,0.06462585034013606
LAMAR-GA,0.04597701149425287
LANIER-GA,0.030685920577617327
LAURENS-GA,0.08364859184531316
LEE-GA,0.055281882868089764
LIBERTY-GA,0.020536601523683338
LINCOLN-GA,0.01694915254237288
LONG-GA,0.1848184818481848
LOWNDES-GA,0.053629823413996074
LUMPKIN-GA,0.007978723404255319
MCDUFFIE-GA,0.08091908091908091
MCINTOSH-GA,0.11299435028248588
MACON-GA,0.4424920127795527
MADISON-GA,0.02610759493670886
MARION-GA,0.07867132867132867
MERIWETHER-GA,0.08806584362139917
MILLER-GA,0.15498154981549817
MITCHELL-GA,0.05508474576271186
MONROE-GA,0.07271514342895263
MONTGOMERY-GA,0.04908835904628331
MORGAN-GA,0.022351797862001945
MURRAY-GA,0.07285714285714286
MUSCOGEE-GA,0.057176196032672114
NEWTON-GA,0.05572109654350417
OCONEE-GA,0.006609642301710731
OGLETHORPE-GA,0.3242603550295858
PAULDING-GA,0.0731732996420299
PEACH-GA,0.011818181818181818
PICKENS-GA,0.17903126916002451
PIERCE-GA,0.35543278084714547
PIKE-GA,0.02165506573859242
POLK-GA,0.16977138018628282
PULASKI-GA,0.0
PUTNAM-GA,0.07358351729212656
QUITMAN-GA,0.0
RABUN-GA,0.0891089108910891
RANDOLPH-GA,0.015105740181268883
RICHMOND-GA,0.046405170092451306
ROCKDALE-GA,0.040502793296089384
SCHLEY-GA,0.059006211180124224
SCREVEN-GA,0.11782032400589101
SEMINOLE-GA,0.17105263157894737
SPALDING-GA,0.08349590323839251
STEPHENS-GA,0.03833221250840619
STEWART-GA,0.13149847094801223
SUMTER-GA,0.059584035975267007
TALBOT-GA,0.03715170278637771
TALIAFERRO-GA,0.0
TATTNALL-GA,0.0430672268907563
TAYLOR-GA,0.1798780487804878
TELFAIR-GA,0.18577648766328012
TERRELL-GA,0.01909307875894988
THOMAS-GA,0.04932975871313673
TIFT-GA,0.007837548984681154
TOOMBS-GA,0.06488824801730353
TOWNS-GA,0.09937888198757763
TREUTLEN-GA,0.013986013986013986
TROUP-GA,0.11981020166073547
TURNER-GA,0.09418282548476455
TWIGGS-GA,0.0
UNION-GA,0.0670995670995671
UPSON-GA,0.010130246020260492
WALKER-GA,0.03699284009546539
WALTON-GA,0.061094452773613195
WARE-GA,0.0782789009849663
WARREN-GA,0.05185185185185185
WASHINGTON-GA,0.05596330275229358
WAYNE-GA,0.17067448680351907
WEBSTER-GA,0.2459016393442623
WHEELER-GA,0.23529411764705882
WHITE-GA,0.016741071428571428
WHITFIELD-GA,0.05891745170046304
WILCOX-GA,0.37170263788968827
WILKES-GA,0.036016949152542374
WILKINSON-GA,0.020833333333333332
WORTH-GA,0.10702702702702703
ADAMS-NE,0.03380539058931019
ANTELOPE-NE,0.2440677966101695
ARTHUR-NE,0.0
BANNER-NE,0.0
BLAINE-NE,0.0
BOONE-NE,0.03292181069958848
BOX BUTTE-NE,0.010101010101010102
BOYD-NE,0.0
BROWN-NE,0.049586776859504134
BUFFALO-NE,0.07815321124580861
BURT-NE,0.046153846153846156
BUTLER-NE,0.04185022026431718
CASS-NE,0.05731394354148845
CEDAR-NE,0.025404157043879907
CHASE-NE,0.0
CHERRY-NE,0.0
CHEYENNE-NE,0.0
CLAY-NE,0.024054982817869417
COLFAX-NE,0.24691358024691357
CUMING-NE,0.12389380530973451
CUSTER-NE,0.18061674008810572
DAKOTA-NE,0.13341804320203304
DAWES-NE,0.0
DAWSON-NE,0.054231717337715694
DEUEL-NE,0.0
DIXON-NE,0.0
DODGE-NE,0.06327744726879395
DOUGLAS-NE,0.04861134718020192
DUNDY-NE,0.0
FILLMORE-NE,0.045662100456621
FRANKLIN-NE,0.0
FRONTIER-NE,0.0
FURNAS-NE,0.09166666666666666
GAGE-NE,0.0010504201680672268
GARDEN-NE,0.11538461538461539
GARFIELD-NE,0.23809523809523808
GOSPER-NE,0.0
GRANT-NE,0.0
GREELEY-NE,0.16666666666666666
HALL-NE,0.049134734239802226
HAMILTON-NE,0.12343096234309624
HARLAN-NE,0.13114754098360656
HAYES-NE,0.2727272727272727
HITCHCOCK-NE,0.0
HOLT-NE,0.07216494845360824
HOOKER-NE,0.0
HOWARD-NE,0.24352331606217617
JEFFERSON-NE,0.0
JOHNSON-NE,0.0
KEARNEY-NE,0.0037735849056603774
KEITH-NE,0.11221122112211221
KEYA PAHA-NE,0.05660377358490566
KIMBALL-NE,0.4577114427860697
KNOX-NE,0.03787878787878788
LANCASTER-NE,0.023279455118430416
LINCOLN-NE,0.06690349319123742
LOGAN-NE,0.0
LOUP-NE,0.0
MCPHERSON-NE,0.0
MADISON-NE,0.03906673901247965
MERRICK-NE,0.06097560975609756
MORRILL-NE,0.11805555555555555
NANCE-NE,0.020833333333333332
NEMAHA-NE,0.037037037037037035
NUCKOLLS-NE,0.18048780487804877
OTOE-NE,0.01757188498402556
PAWNEE-NE,0.39568345323741005
PERKINS-NE,0.20869565217391303
PHELPS-NE,0.0
PIERCE-NE,0.025714285714285714
PLATTE-NE,0.04265658747300216
POLK-NE,0.026578073089700997
RED WILLOW-NE,0.0
RICHARDSON-NE,0.17777777777777778
ROCK-NE,0.0594059405940594
SALINE-NE,0.00205761316872428
SARPY-NE,0.04266562285937959
SAUNDERS-NE,0.014925373134328358
SCOTTS BLUFF-NE,0.010198300283286119
SEWARD-NE,0.01569506726457399
SHERIDAN-NE,0.0
SHERMAN-NE,0.06896551724137931
SIOUX-NE,0.0
STANTON-NE,0.06968641114982578
THAYER-NE,0.046242774566473986
THOMAS-NE,0.0
THURSTON-NE,0.030120481927710843
VALLEY-NE,0.22926829268292684
WASHINGTON-NE,0.021798365122615803
WAYNE-NE,0.0
WEBSTER-NE,0.0
WHEELER-NE,0.0
YORK-NE,0.013719512195121951
ADAMS-MS,0.22634508348794063
ALCORN-MS,0.04974358974358974
AMITE-MS,0.10239651416122005
ATTALA-MS,0.06826568265682657
BENTON-MS,0.23118279569892472
BOLIVAR-MS,0.028925619834710745
CALHOUN-MS,0.07836990595611286
CARROLL-MS,0.2192513368983957
CHICKASAW-MS,0.14051282051282052
CHOCTAW-MS,0.0
CLAIBORNE-MS,0.0
CLARKE-MS,0.042458100558659215
CLAY-MS,0.09401709401709402
COAHOMA-MS,0.07511737089201878
COPIAH-MS,0.09405684754521963
COVINGTON-MS,0.16717325227963525
DESOTO-MS,0.0598314606741573
FORREST-MS,0.00963159162051529
FRANKLIN-MS,0.01893939393939394
GEORGE-MS,0.0681635926222935
GREENE-MS,0.03840245775729647
GRENADA-MS,0.100664767331434
HANCOCK-MS,0.11935953420669577
HARRISON-MS,0.07039106145251396
HINDS-MS,0.0779175156326846
HOLMES-MS,0.018257261410788383
HUMPHREYS-MS,0.07177033492822966
ISSAQUENA-MS,0.0
ITAWAMBA-MS,0.07898089171974522
JACKSON-MS,0.04299961144929413
JASPER-MS,0.055693069306930694
JEFFERSON-MS,0.0
JEFFERSON DAVIS-MS,0.10567514677103718
JONES-MS,0.09425939050318922
KEMPER-MS,0.0
LAFAYETTE-MS,0.06413301662707839
LAMAR-MS,0.11726283048211508
LAUDERDALE-MS,0.07264841420439143
LAWRENCE-MS,0.055632823365785816
LEAKE-MS,0.024763292061179897
LEE-MS,0.09757709251101322
LEFLORE-MS,0.1411395713538944
LINCOLN-MS,0.035528185693983895
LOWNDES-MS,0.024662939822426833
MADISON-MS,0.02913290811928978
MARION-MS,0.06639676113360324
MARSHALL-MS,0.035023523261892314
MONROE-MS,0.0587792012057272
MONTGOMERY-MS,0.0
NESHOBA-MS,0.0704145371947757
NEWTON-MS,0.08755426917510854
NOXUBEE-MS,0.3765867418899859
OKTIBBEHA-MS,0.016610675625233298
PANOLA-MS,0.07733333333333334
PEARL RIVER-MS,0.12449664429530201
PERRY-MS,0.15625
PIKE-MS,0.07079270877490462
PONTOTOC-MS,0.1171605789110958
PRENTISS-MS,0.02367797947908445
QUITMAN-MS,0.027247956403269755
RANKIN-MS,0.051970876223951794
SCOTT-MS,0.15404201145767027
SHARKEY-MS,0.0
SIMPSON-MS,0.02969502407704655
SMITH-MS,0.022781774580335732
STONE-MS,0.046999276934201015
SUNFLOWER-MS,0.08957528957528957
TALLAHATCHIE-MS,0.011627906976744186
TATE-MS,0.012715340442986054
TIPPAH-MS,0.03384367445608381
TISHOMINGO-MS,0.04114285714285714
TUNICA-MS,0.08651911468812877
UNION-MS,0.13690952762209768
WALTHALL-MS,0.03571428571428571
WARREN-MS,0.08192671881432688
WASHINGTON-MS,0.05745721271393643
WAYNE-MS,0.021238938053097345
WEBSTER-MS,0.1936
WILKINSON-MS,0.06474820143884892
WINSTON-MS,0.1078107810781078
YALOBUSHA-MS,0.05979381443298969
YAZOO-MS,0.2009685230024213
ADAMS-CO,0.084962434119538
ALAMOSA-CO,0.006939090208172706
ARAPAHOE-CO,0.059287042582027924
ARCHULETA-CO,0.3715953307392996
BACA-CO,0.0
BENT-CO,0.09401709401709402
BOULDER-CO,0.02668922093788178
BROOMFIELD-CO,0.05653409090909091
CHAFFEE-CO,0.1997439180537772
CHEYENNE-CO,0.0
CLEAR CREEK-CO,0.18816388467374812
CONEJOS-CO,0.1740976645435244
COSTILLA-CO,0.0
CROWLEY-CO,0.0
CUSTER-CO,0.0
DELTA-CO,0.0673469387755102
DENVER-CO,0.08393976511276029
DOLORES-CO,0.02702702702702703
DOUGLAS-CO,0.02151613710282712
EAGLE-CO,0.013714285714285714
ELBERT-CO,0.0649056603773585
EL PASO-CO,0.046385006020627194
FREMONT-CO,0.018471337579617834
GARFIELD-CO,0.01814646791963707
GILPIN-CO,0.0
GRAND-CO,0.0
GUNNISON-CO,0.026533996683250415
HINSDALE-CO,0.0
HUERFANO-CO,0.06643356643356643
JACKSON-CO,0.0
JEFFERSON-CO,0.04821898980643683
KIOWA-CO,0.06060606060606061
KIT CARSON-CO,0.20552147239263804
LAKE-CO,0.2615803814713896
LA PLATA-CO,0.07150188162846391
LARIMER-CO,0.05126498002663116
LAS ANIMAS-CO,0.09654178674351585
LINCOLN-CO,0.006993006993006993
LOGAN-CO,0.07290803645401822
MESA-CO,0.07715454983148773
MINERAL-CO,0.0
MOFFAT-CO,0.14469453376205788
MONTEZUMA-CO,0.13365384615384615
MONTROSE-CO,0.0707823310271421
MORGAN-CO,0.15
OTERO-CO,0.15158045977011494
OURAY-CO,0.0
PARK-CO,0.06355140186915888
PHILLIPS-CO,0.005434782608695652
PITKIN-CO,0.1407766990291262
PROWERS-CO,0.03821656050955414
PUEBLO-CO,0.07079231129864041
RIO BLANCO-CO,0.0027100271002710027
RIO GRANDE-CO,0.043243243243243246
ROUTT-CO,0.0
SAGUACHE-CO,0.00398406374501992
SAN JUAN-CO,0.0
SAN MIGUEL-CO,0.0038022813688212928
SEDGWICK-CO,0.17272727272727273
SUMMIT-CO,0.053663570691434466
TELLER-CO,0.0
WASHINGTON-CO,0.058823529411764705
WELD-CO,0.058374370608089414
YUMA-CO,0.011940298507462687
ANDERSON-TX,0.0690846286701209
ANDREWS-TX,0.04732690622261174
ANGELINA-TX,0.0314410480349345
ARANSAS-TX,0.053231939163498096
ARCHER-TX,0.012875536480686695
ARMSTRONG-TX,0.0
ATASCOSA-TX,0.144493095318289
AUSTIN-TX,0.031966643502432245
BAILEY-TX,0.11609498680738786
BANDERA-TX,0.0
BASTROP-TX,0.027075011096316024
BAYLOR-TX,0.0
BEE-TX,0.10281447443997703
BELL-TX,0.05345612893538215
BEXAR-TX,0.052912405513561585
BLANCO-TX,0.08670520231213873
BORDEN-TX,0.0
BOSQUE-TX,0.05652173913043478
BOWIE-TX,0.06531073446327684
BRAZORIA-TX,0.03593352298248241
BRAZOS-TX,0.03294129373068873
BREWSTER-TX,0.005813953488372093
BRISCOE-TX,0.0
BROOKS-TX,0.05533596837944664
BROWN-TX,0.026034997865983782
BURLESON-TX,0.0
BURNET-TX,0.13804713804713806
CALDWELL-TX,0.06893004115226338
CALHOUN-TX,0.2039381153305204
CALLAHAN-TX,0.008032128514056224
CAMERON-TX,0.07706396654801811
CAMP-TX,0.007207207207207207
CARSON-TX,0.11910669975186104
CASS-TX,0.012987012987012988
CASTRO-TX,0.05432937181663837
CHAMBERS-TX,0.053997488488907494
CHEROKEE-TX,0.13408010862186015
CHILDRESS-TX,0.023148148148148147
CLAY-TX,0.0022988505747126436
COCHRAN-TX,0.2620320855614973
COKE-TX,0.17796610169491525
COLEMAN-TX,0.18032786885245902
COLLIN-TX,0.02801935882973691
COLLINGSWORTH-TX,0.0875
COLORADO-TX,0.06816677696889477
COMAL-TX,0.07227630350713428
COMANCHE-TX,0.06279434850863422
CONCHO-TX,0.0449438202247191
COOKE-TX,0.019474196689386564
CORYELL-TX,0.05854341736694678
COTTLE-TX,0.1391304347826087
CRANE-TX,0.0
CROCKETT-TX,0.0
CROSBY-TX,0.05699481865284974
CULBERSON-TX,0.8913043478260869
DALLAM-TX,0.08418367346938775
DALLAS-TX,0.06790769361292968
DAWSON-TX,0.12517385257301808
DEAF SMITH-TX,0.037719298245614034
DELTA-TX,0.13118279569892474
DENTON-TX,0.03259433866411981
DEWITT-TX,0.05177993527508091
DICKENS-TX,0.0
DIMMIT-TX,0.05802469135802469
DONLEY-TX,0.12830188679245283
DUVAL-TX,0.1119186046511628
EASTLAND-TX,0.03302286198137172
ECTOR-TX,0.09517819706498952
EDWARDS-TX,0.0
ELLIS-TX,0.05537867824409069
EL PASO-TX,0.036432407008191905
ERATH-TX,0.0014756517461878996
FALLS-TX,0.1206896551724138
FANNIN-TX,0.02261904761904762
FAYETTE-TX,0.07157057654075547
FISHER-TX,0.046296296296296294
FLOYD-TX,0.12648221343873517
FOARD-TX,0.0
FORT BEND-TX,0.022198110221981104
FRANKLIN-TX,0.11705685618729098
FREESTONE-TX,0.09660842754367935
FRIO-TX,0.0448907265209687
GAINES-TX,0.3022440392706872
GALVESTON-TX,0.04355145262014662
GARZA-TX,0.0364741641337386
GILLESPIE-TX,0.11127487103905674
GLASSCOCK-TX,0.030303030303030304
GOLIAD-TX,0.03153153153153153
GONZALES-TX,0.13346418056918546
GRAY-TX,0.05384615384615385
GRAYSON-TX,0.025299795261772447
GREGG-TX,0.05415803492157443
GRIMES-TX,0.16757123473541383
GUADALUPE-TX,0.028606965174129355
HALE-TX,0.07794117647058824
HALL-TX,0.015789473684210527
HAMILTON-TX,0.06289308176100629
HANSFORD-TX,0.0798611111111111
HARDEMAN-TX,0.19148936170212766
HARDIN-TX,0.028424657534246577
HARRIS-TX,0.0619587283442064
HARRISON-TX,0.06094329623741388
HARTLEY-TX,0.05426356589147287
HASKELL-TX,0.014669926650366748
HAYS-TX,0.024205650159848633
HEMPHILL-TX,0.0
HENDERSON-TX,0.06611153166792834
HIDALGO-TX,0.05647184771335854
HILL-TX,0.04349951124144673
HOCKLEY-TX,0.05307994757536042
HOOD-TX,0.05399151561897416
HOPKINS-TX,0.03924914675767918
HOUSTON-TX,0.0776794493608653
HOWARD-TX,0.06318681318681318
HUDSPETH-TX,0.0411522633744856
HUNT-TX,0.06037414965986394
HUTCHINSON-TX,0.02063273727647868
IRION-TX,0.0
JACK-TX,0.05582137161084529
JACKSON-TX,0.0
JASPER-TX,0.05894206549118388
JEFF DAVIS-TX,0.0
JEFFERSON-TX,0.07034309885633715
JIM HOGG-TX,0.5625
JIM WELLS-TX,0.12900096993210475
JOHNSON-TX,0.1753126922288292
JONES-TX,0.19672131147540983
KARNES-TX,0.09069493521790342
KAUFMAN-TX,0.03401174702909439
KENDALL-TX,0.0
KENEDY-TX,
KENT-TX,0.0
KERR-TX,0.04934626739772248
KIMBLE-TX,0.09019607843137255
KING-TX,0.0
KINNEY-TX,0.0
KLEBERG-TX,0.0530579181855002
KNOX-TX,0.0979381443298969
LAMAR-TX,0.10837438423645321
LAMB-TX,0.010144927536231883
LAMPASAS-TX,0.06200177147918512
LA SALLE-TX,0.1782178217821782
LAVACA-TX,0.009970089730807577
LEE-TX,0.0038910505836575876
LEON-TX,0.12398921832884097
LIBERTY-TX,0.05997770345596432
LIMESTONE-TX,0.0832579185520362
LIPSCOMB-TX,0.25688073394495414
LIVE OAK-TX,0.2259475218658892
LLANO-TX,0.24093264248704663
LOVING-TX,
LUBBOCK-TX,0.02848487588732649
LYNN-TX,0.034482758620689655
MCCULLOCH-TX,0.0
MCLENNAN-TX,0.038140505448643634
MCMULLEN-TX,0.0
MADISON-TX,0.10683012259194395
MARION-TX,0.07650273224043716
MARTIN-TX,0.23529411764705882
MASON-TX,0.0
MATAGORDA-TX,0.008964143426294821
MAVERICK-TX,0.0600142891164563
MEDINA-TX,0.019182389937106917
MENARD-TX,0.0
MIDLAND-TX,0.06266620418545496
MILAM-TX,0.10776545166402536
MILLS-TX,0.003367003367003367
MITCHELL-TX,0.08498023715415019
MONTAGUE-TX,0.10599721059972106
MONTGOMERY-TX,0.053444575436050905
MOORE-TX,0.19599303135888502
MORRIS-TX,0.024013722126929673
MOTLEY-TX,0.0
NACOGDOCHES-TX,0.01599709143792038
NAVARRO-TX,0.10411537108688006
NEWTON-TX,0.12953367875647667
NOLAN-TX,0.2557932263814617
NUECES-TX,0.09794467173193064
OCHILTREE-TX,0.057863501483679525
OLDHAM-TX,0.049689440993788817
ORANGE-TX,0.05809414466130884
PALO PINTO-TX,0.009226401703335699
PANOLA-TX,0.022317596566523604
PARKER-TX,0.0382821075740944
PARMER-TX,0.08455882352941177
PECOS-TX,0.07446808510638298
POLK-TX,0.11604831751509923
POTTER-TX,0.06972681067344345
PRESIDIO-TX,0.366412213740458
RAINS-TX,0.13319672131147542
RANDALL-TX,0.10136080376446649
REAGAN-TX,0.12903225806451613
REAL-TX,0.0
RED RIVER-TX,0.04807692307692308
REEVES-TX,0.07816711590296496
REFUGIO-TX,0.014044943820224719
ROBERTS-TX,0.0
ROBERTSON-TX,0.026462395543175487
ROCKWALL-TX,0.020572002007024585
RUNNELS-TX,0.0774487471526196
RUSK-TX,0.10453720508166969
SABINE-TX,0.017391304347826087
SAN AUGUSTINE-TX,0.1073170731707317
SAN JACINTO-TX,0.03736479842674533
SAN PATRICIO-TX,0.04106343774677547
SAN SABA-TX,0.0
SCHLEICHER-TX,0.0
SCURRY-TX,0.14703196347031963
SHACKELFORD-TX,0.2946859903381642
SHELBY-TX,0.01951854261548471
SHERMAN-TX,0.14743589743589744
SMITH-TX,0.08059236165237724
SOMERVELL-TX,0.0
STARR-TX,0.09202723479024819
STEPHENS-TX,0.007797270955165692
STERLING-TX,0.0
STONEWALL-TX,0.0
SUTTON-TX,0.0
SWISHER-TX,0.042134831460674156
TARRANT-TX,0.06614455321807956
TAYLOR-TX,0.0714794585609119
TERRELL-TX,0.0
TERRY-TX,0.06447368421052632
THROCKMORTON-TX,0.0
TITUS-TX,0.014256619144602852
TOM GREEN-TX,0.03533148074632791
TRAVIS-TX,0.05253909110138466
TRINITY-TX,0.030395136778115502
TYLER-TX,0.1581151832460733
UPSHUR-TX,0.040344514959202174
UPTON-TX,0.009009009009009009
UVALDE-TX,0.045871559633027525
VAL VERDE-TX,0.084774499830451
VAN ZANDT-TX,0.04244124868467204
VICTORIA-TX,0.07114706492428957
WALKER-TX,0.01233262861169838
WALLER-TX,0.08835738288199249
WARD-TX,0.06932409012131716
WASHINGTON-TX,0.03818615751789976
WEBB-TX,0.037925817726537636
WHARTON-TX,0.12084717607973422
WHEELER-TX,0.16845878136200718
WICHITA-TX,0.04265773310999442
WILBARGER-TX,0.3239247311827957
WILLACY-TX,0.09655172413793103
WILLIAMSON-TX,0.052615395127951076
WILSON-TX,0.06201275690999291
WINKLER-TX,0.046511627906976744
WISE-TX,0.05018633540372671
WOOD-TX,0.11902390438247012
YOAKUM-TX,0.3269230769230769
YOUNG-TX,0.007177033492822967
ZAPATA-TX,0.0927960927960928
ZAVALA-TX,0.04
ABBEVILLE-SC,0.06330935251798561
AIKEN-SC,0.055505589104458436
ALLENDALE-SC,0.24838709677419354
ANDERSON-SC,0.10286661466458659
BAMBERG-SC,0.0
BARNWELL-SC,0.1021377672209026
BEAUFORT-SC,0.03501023376063773
BERKELEY-SC,0.03140946683089917
CALHOUN-SC,0.02120141342756184
CHARLESTON-SC,0.05667951188182402
CHEROKEE-SC,0.09257075471698113
CHESTER-SC,0.13050847457627118
CHESTERFIELD-SC,0.14531384350816853
CLARENDON-SC,0.07257546563904946
COLLETON-SC,0.06101511879049676
DARLINGTON-SC,0.18069584736251404
DILLON-SC,0.08819241982507289
DORCHESTER-SC,0.0956364458512322
EDGEFIELD-SC,0.04749679075738126
FAIRFIELD-SC,0.014044943820224719
FLORENCE-SC,0.03003087285994948
GEORGETOWN-SC,0.0392618767177071
GREENVILLE-SC,0.05216294711097524
GREENWOOD-SC,0.1452599388379205
HAMPTON-SC,0.016094420600858368
HORRY-SC,0.055052985267510984
JASPER-SC,0.03875432525951557
KERSHAW-SC,0.08427973699940228
LANCASTER-SC,0.08728943338437979
LAURENS-SC,0.05906123717749456
LEE-SC,0.041065482796892344
LEXINGTON-SC,0.05920383553682987
MCCORMICK-SC,0.1896551724137931
MARION-SC,0.0856338028169014
MARLBORO-SC,0.2
NEWBERRY-SC,0.06230802983764809
OCONEE-SC,0.07767565965016306
ORANGEBURG-SC,0.05639476334340383
PICKENS-SC,0.05547416739916007
RICHLAND-SC,0.03856057475283721
SALUDA-SC,0.29235537190082644
SPARTANBURG-SC,0.05399351606248158
SUMTER-SC,0.01877848678213309
UNION-SC,0.09914529914529914
WILLIAMSBURG-SC,0.05055401662049862
YORK-SC,0.0313928888282263
BARBOUR-WV,0.033928571428571426
BERKELEY-WV,0.06761421319796955
BOONE-WV,0.1158371040723982
BRAXTON-WV,0.021487603305785124
BROOKE-WV,0.030780243378668574
CABELL-WV,0.06555423122765197
CALHOUN-WV,0.0
CLAY-WV,0.029723991507430998
DODDRIDGE-WV,0.05434782608695652
FAYETTE-WV,0.011156186612576065
GILMER-WV,0.0
GRANT-WV,0.0
GREENBRIER-WV,0.020626432391138275
HAMPSHIRE-WV,0.014042126379137413
HANCOCK-WV,0.0946938775510204
HARDY-WV,0.014028056112224449
HARRISON-WV,0.05622214604045252
JACKSON-WV,0.08597603946441155
JEFFERSON-WV,0.02260072060268588
KANAWHA-WV,0.06769154475576494
LEWIS-WV,0.0
LINCOLN-WV,0.021628498727735368
LOGAN-WV,0.030800821355236138
MCDOWELL-WV,0.11668928086838534
MARION-WV,0.037290455011974
MARSHALL-WV,0.006374501992031873
MASON-WV,0.024451939291736932
MERCER-WV,0.005442176870748299
MINERAL-WV,0.015479876160990712
MINGO-WV,0.06629834254143646
MONONGALIA-WV,0.005168935955622794
MONROE-WV,0.0
MORGAN-WV,0.08561020036429873
NICHOLAS-WV,0.0
OHIO-WV,0.044374009508716325
PENDLETON-WV,0.0
PLEASANTS-WV,0.020671834625323
POCAHONTAS-WV,0.05277777777777778
PRESTON-WV,0.019127773527161437
PUTNAM-WV,0.01898960945897528
RALEIGH-WV,0.06128830519074421
RANDOLPH-WV,0.046620046620046623
RITCHIE-WV,0.010723860589812333
ROANE-WV,0.18627450980392157
SUMMERS-WV,0.03938730853391685
TAYLOR-WV,0.003316749585406302
TUCKER-WV,0.016286644951140065
TYLER-WV,0.04672897196261682
UPSHUR-WV,0.045454545454545456
WAYNE-WV,0.13697219361483007
WEBSTER-WV,0.10091743119266056
WETZEL-WV,0.12979351032448377
WIRT-WV,0.04741379310344827
WOOD-WV,0.04877425944841675
WYOMING-WV,0.10714285714285714
BEAVERHEAD-MT,0.03768506056527591
BIG HORN-MT,0.10114942528735632
BLAINE-MT,0.02280130293159609
BROADWATER-MT,0.31097560975609756
CARBON-MT,0.07075471698113207
CARTER-MT,0.45
CASCADE-MT,0.04728950403690888
CHOUTEAU-MT,0.21929824561403508
CUSTER-MT,0.0896
DANIELS-MT,0.0
DAWSON-MT,0.0166270783847981
DEER LODGE-MT,0.24803149606299213
FALLON-MT,0.0
FERGUS-MT,0.01282051282051282
FLATHEAD-MT,0.059736898857019625
GALLATIN-MT,0.031113124905603383
GARFIELD-MT,0.43902439024390244
GLACIER-MT,0.05747126436781609
GOLDEN VALLEY-MT,0.0967741935483871
GRANITE-MT,0.09722222222222222
HILL-MT,0.0
JEFFERSON-MT,0.06551724137931035
JUDITH BASIN-MT,0.0
LAKE-MT,0.1735769501054111
LEWIS AND CLARK-MT,0.13756281407035176
LIBERTY-MT,0.22580645161290322
LINCOLN-MT,0.0611353711790393
MCCONE-MT,0.0
MADISON-MT,0.0
MEAGHER-MT,0.0
MINERAL-MT,0.0
MISSOULA-MT,0.014752675730402082
MUSSELSHELL-MT,0.1711229946524064
PARK-MT,0.12939001848428835
PETROLEUM-MT,0.0
PHILLIPS-MT,0.0
PONDERA-MT,0.11621621621621622
POWDER RIVER-MT,0.0
POWELL-MT,0.2059800664451827
PRAIRIE-MT,0.0
RAVALLI-MT,0.12538540596094552
RICHLAND-MT,0.002728512960436562
ROOSEVELT-MT,0.17758369723435224
ROSEBUD-MT,0.09430604982206406
SANDERS-MT,0.0556792873051225
SHERIDAN-MT,0.0
SILVER BOW-MT,0.09079445145018916
STILLWATER-MT,0.027083333333333334
SWEET GRASS-MT,0.11224489795918367
TETON-MT,0.02564102564102564
TOOLE-MT,0.035555555555555556
TREASURE-MT,0.6296296296296297
VALLEY-MT,0.0
WHEATLAND-MT,0.2857142857142857
WIBAUX-MT,0.0
YELLOWSTONE-MT,0.11038001879951659
BEAVER-UT,0.07984031936127745
BOX ELDER-UT,0.04375
CACHE-UT,0.05136737028179266
CARBON-UT,0.029225908372827805
DAGGETT-UT,0.0
DAVIS-UT,0.05556576891258388
DUCHESNE-UT,0.096137339055794
EMERY-UT,0.037996545768566495
GARFIELD-UT,0.03592814371257485
GRAND-UT,0.04912280701754386
IRON-UT,0.06713018460800767
JUAB-UT,0.0998719590268886
KANE-UT,0.10543130990415335
MILLARD-UT,0.13032581453634084
MORGAN-UT,0.02165087956698241
PIUTE-UT,0.1282051282051282
RICH-UT,0.0
SALT LAKE-UT,0.06983763861087282
SAN JUAN-UT,0.009514747859181731
SANPETE-UT,0.030927835051546393
SEVIER-UT,0.1571072319201995
SUMMIT-UT,0.10419161676646707
TOOELE-UT,0.10281543274244004
UINTAH-UT,0.08424041646947468
UTAH-UT,0.029632447741635492
WASATCH-UT,0.08454227113556778
WASHINGTON-UT,0.06130818125897068
WAYNE-UT,0.0
WEBER-UT,0.0698157838147803
AUTAUGA-AL,0.03714661406969099
BALDWIN-AL,0.0611230259309807
BARBOUR-AL,0.03710575139146568
BIBB-AL,0.11072362685265912
BLOUNT-AL,0.04623901009443178
BULLOCK-AL,0.11010215664018161
BUTLER-AL,0.2635838150289017
CALHOUN-AL,0.05826771653543307
CHAMBERS-AL,0.12518195050946143
CHEROKEE-AL,0.05276174773289365
CHILTON-AL,0.0033349213911386373
CHOCTAW-AL,0.0
CLARKE-AL,0.1146067415730337
CLAY-AL,0.07174231332357248
CLEBURNE-AL,0.0771513353115727
COFFEE-AL,0.03555906756222837
COLBERT-AL,0.09335443037974683
CONECUH-AL,0.005772005772005772
COOSA-AL,0.17445482866043613
COVINGTON-AL,0.04240282685512368
CRENSHAW-AL,0.018121911037891267
CULLMAN-AL,0.10595065312046444
DALE-AL,0.06152549515381374
DALLAS-AL,0.054588235294117646
DEKALB-AL,0.06966580976863754
ELMORE-AL,0.041888804265041886
ESCAMBIA-AL,0.1263326226012793
ETOWAH-AL,0.04861407249466951
FAYETTE-AL,0.0
FRANKLIN-AL,0.02949438202247191
GENEVA-AL,0.0903522205206738
GREENE-AL,0.0
HALE-AL,0.14883720930232558
HENRY-AL,0.08308308308308308
HOUSTON-AL,0.03867962737950587
JACKSON-AL,0.04772141014617369
JEFFERSON-AL,0.050816479400749064
LAMAR-AL,0.09777777777777778
LAUDERDALE-AL,0.019570707070707072
LAWRENCE-AL,0.013986013986013986
LEE-AL,0.04755870924142592
LIMESTONE-AL,0.05275134464211833
LOWNDES-AL,0.10377358490566038
MACON-AL,0.0801223241590214
MADISON-AL,0.02626878217925817
MARENGO-AL,0.012909632571996028
MARION-AL,0.1392156862745098
MARSHALL-AL,0.052001569858712716
MOBILE-AL,0.05978081934057664
MONROE-AL,0.05830670926517572
MONTGOMERY-AL,0.05308641975308642
MORGAN-AL,0.05875088214537756
PERRY-AL,9.208103130755065E-4
PICKENS-AL,0.09751243781094528
PIKE-AL,0.023541114058355437
RANDOLPH-AL,0.021660649819494584
RUSSELL-AL,0.11141516810007819
ST. CLAIR-AL,0.07440398218496201
SHELBY-AL,0.027110236893868125
SUMTER-AL,0.0513347022587269
TALLADEGA-AL,0.06312375249500998
TALLAPOOSA-AL,0.183547313361864
TUSCALOOSA-AL,0.014267729752412925
WALKER-AL,0.031217838765008575
WASHINGTON-AL,0.020702070207020702
WILCOX-AL,0.018808777429467086
WINSTON-AL,0.25452812202097236
ANDERSON-TN,0.05867742936976095
BEDFORD-TN,0.03282374100719424
BENTON-TN,0.15973377703826955
BLEDSOE-TN,0.0
BLOUNT-TN,0.021778860798050564
BRADLEY-TN,0.07015554115359689
CAMPBELL-TN,0.06580645161290323
CANNON-TN,0.061514195583596214
CARROLL-TN,0.02178649237472767
CARTER-TN,0.017761989342806393
CHEATHAM-TN,0.026517083120856707
CHESTER-TN,0.04631578947368421
CLAIBORNE-TN,0.03534031413612566
CLAY-TN,0.1
COCKE-TN,0.05224339274738783
COFFEE-TN,0.04343220338983051
CROCKETT-TN,0.06258148631029987
CUMBERLAND-TN,0.0997742663656885
DAVIDSON-TN,0.049642524090767796
DECATUR-TN,0.006237006237006237
DEKALB-TN,0.00392156862745098
DICKSON-TN,0.01828524989841528
DYER-TN,0.0501952035694367
FAYETTE-TN,0.0874224478285392
FENTRESS-TN,0.007592190889370932
FRANKLIN-TN,0.028460038986354776
GIBSON-TN,0.039711191335740074
GILES-TN,0.0488997555012225
GRAINGER-TN,0.07308970099667775
GREENE-TN,0.031585403250536645
GRUNDY-TN,0.024817518248175182
HAMBLEN-TN,0.011260556771973726
HAMILTON-TN,0.042270058708414875
HANCOCK-TN,0.0038910505836575876
HARDEMAN-TN,0.06527651858567543
HARDIN-TN,0.0126953125
HAWKINS-TN,0.041682455475558926
HAYWOOD-TN,0.08287895310796074
HENDERSON-TN,0.021343873517786563
HENRY-TN,0.12862190812720847
HICKMAN-TN,0.10069177555726365
HOUSTON-TN,0.07536764705882353
HUMPHREYS-TN,0.017085427135678392
JACKSON-TN,0.0
JEFFERSON-TN,0.03072721065209969
JOHNSON-TN,0.115625
KNOX-TN,0.05708423847453536
LAKE-TN,0.03546099290780142
LAUDERDALE-TN,0.0475020475020475
LAWRENCE-TN,0.1514181152790485
LEWIS-TN,0.03184713375796178
LINCOLN-TN,0.020833333333333332
LOUDON-TN,0.03401969561324977
MCMINN-TN,0.03897509924215085
MCNAIRY-TN,0.04320502749410841
MACON-TN,0.06279287722586692
MADISON-TN,0.051053623436696935
MARION-TN,0.08210059171597633
MARSHALL-TN,0.09900442477876106
MAURY-TN,0.040646651270207855
MEIGS-TN,0.048355899419729204
MONROE-TN,0.03787195671776375
MONTGOMERY-TN,0.029726403483858754
MOORE-TN,0.149812734082397
MORGAN-TN,0.0
OBION-TN,0.05659075224292615
OVERTON-TN,0.13205645161290322
PERRY-TN,0.16304347826086957
PICKETT-TN,0.03184713375796178
POLK-TN,0.0
PUTNAM-TN,0.027735313387202445
RHEA-TN,0.04311310190369541
ROANE-TN,0.0074211502782931356
ROBERTSON-TN,0.006160739288714646
RUTHERFORD-TN,0.034912318220701455
SCOTT-TN,0.012520868113522538
SEQUATCHIE-TN,0.054878048780487805
SEVIER-TN,0.0793789634813033
SHELBY-TN,0.05685353504544623
SMITH-TN,0.017241379310344827
STEWART-TN,0.13578500707213578
SULLIVAN-TN,0.04289233444428344
SUMNER-TN,0.05244492208490059
TIPTON-TN,0.04351395730706076
TROUSDALE-TN,0.10112359550561797
UNICOI-TN,0.1115485564304462
UNION-TN,0.11461619348054679
VAN BUREN-TN,0.20072992700729927
WARREN-TN,0.08632075471698113
WASHINGTON-TN,0.07447266465777012
WAYNE-TN,0.0
WEAKLEY-TN,0.03670507895860008
WHITE-TN,0.08770421324161651
WILLIAMSON-TN,0.028515596728667582
WILSON-TN,0.04054054054054054
BRISTOL-RI,0.009751090582499358
KENT-RI,0.04045990394411294
NEWPORT-RI,0.002263012320844858
PROVIDENCE-RI,0.03515115267507612
WASHINGTON-RI,0.0274472970152369
ARKANSAS-AR,0.06815642458100558
ASHLEY-AR,0.037111334002006016
BAXTER-AR,0.09132947976878612
BENTON-AR,0.045078577336641855
BOONE-AR,0.10847701149425287
BRADLEY-AR,0.05030181086519115
CALHOUN-AR,0.057692307692307696
CARROLL-AR,0.06968641114982578
CHICOT-AR,0.03051643192488263
CLARK-AR,0.00865426222414539
CLAY-AR,0.10906515580736544
CLEBURNE-AR,0.09388458225667529
CLEVELAND-AR,0.01834862385321101
COLUMBIA-AR,0.034140969162995596
CONWAY-AR,0.0336734693877551
CRAIGHEAD-AR,0.06001188354129531
CRAWFORD-AR,0.04513217279174726
CRITTENDEN-AR,0.061123766135155654
CROSS-AR,0.017142857142857144
DALLAS-AR,0.0
DESHA-AR,0.0315955766192733
DREW-AR,0.020379479971890373
FAULKNER-AR,0.04716037027770828
FRANKLIN-AR,0.08568443051201671
FULTON-AR,0.13854351687388988
GARLAND-AR,0.11324503311258279
GRANT-AR,0.08028169014084507
GREENE-AR,0.08181449979748887
HEMPSTEAD-AR,0.1354625550660793
HOT SPRING-AR,0.05816259087904825
HOWARD-AR,0.1834625322997416
INDEPENDENCE-AR,0.05306319343945972
IZARD-AR,0.001968503937007874
JACKSON-AR,0.046579330422125184
JEFFERSON-AR,0.02427685950413223
JOHNSON-AR,0.06722689075630252
LAFAYETTE-AR,0.01509433962264151
LAWRENCE-AR,0.04516129032258064
LEE-AR,0.07268722466960352
LINCOLN-AR,0.13947990543735225
LITTLE RIVER-AR,0.07992565055762081
LOGAN-AR,0.027579162410623085
LONOKE-AR,0.03635913925302993
MADISON-AR,0.1262135922330097
MARION-AR,0.0
MILLER-AR,0.019171779141104295
MISSISSIPPI-AR,0.06484923585295332
MONROE-AR,0.0
MONTGOMERY-AR,0.030303030303030304
NEVADA-AR,0.17814726840855108
NEWTON-AR,0.296551724137931
OUACHITA-AR,0.01932367149758454
PERRY-AR,0.08316008316008316
PHILLIPS-AR,0.024154589371980676
PIKE-AR,0.008333333333333333
POINSETT-AR,0.08585055643879173
POLK-AR,0.14823008849557523
POPE-AR,0.06819672131147542
PRAIRIE-AR,0.08974358974358974
PULASKI-AR,0.06640143449512496
RANDOLPH-AR,0.06060606060606061
ST. FRANCIS-AR,0.14192495921696574
SALINE-AR,0.07224210868857793
SCOTT-AR,0.1172566371681416
SEARCY-AR,0.15838509316770186
SEBASTIAN-AR,0.0748268593797049
SEVIER-AR,0.039239001189060645
SHARP-AR,0.06809078771695594
STONE-AR,0.0
UNION-AR,0.01
VAN BUREN-AR,0.10434782608695652
WASHINGTON-AR,0.03946526800562876
WHITE-AR,0.05843506103662197
WOODRUFF-AR,0.02027027027027027
YELL-AR,0.04133545310015898
CHURCHILL-NV,0.193020719738277
CLARK-NV,0.07176052230521741
DOUGLAS-NV,0.042303771661569824
ELKO-NV,0.04900973481033904
ESMERALDA-NV,0.9583333333333334
EUREKA-NV,0.5038759689922481
HUMBOLDT-NV,0.10596026490066225
LANDER-NV,0.0
LINCOLN-NV,0.0945945945945946
LYON-NV,0.16461412151067323
MINERAL-NV,0.19937694704049844
NYE-NV,0.15764075067024128
PERSHING-NV,0.0055248618784530384
STOREY-NV,0.0
WASHOE-NV,0.07081868407835258
WHITE PINE-NV,0.06374501992031872
CARSON CITY-NV,0.09534270650263621
ALLEN-KS,0.04597701149425287
ANDERSON-KS,0.19135802469135801
ATCHISON-KS,0.09585253456221199
BARBER-KS,0.049689440993788817
BARTON-KS,0.06579954093343535
BOURBON-KS,0.13010204081632654
BROWN-KS,0.039045553145336226
BUTLER-KS,0.05695564516129032
CHASE-KS,0.0
CHAUTAUQUA-KS,0.14678899082568808
CHEROKEE-KS,0.02158273381294964
CHEYENNE-KS,0.0
CLARK-KS,0.0
CLAY-KS,0.039525691699604744
CLOUD-KS,0.08740359897172237
COFFEY-KS,0.020050125313283207
COMANCHE-KS,0.0
COWLEY-KS,0.04628330995792426
CRAWFORD-KS,0.05241482590789966
DECATUR-KS,0.35
DICKINSON-KS,0.009269988412514484
DONIPHAN-KS,0.007853403141361256
DOUGLAS-KS,0.02329638752052545
EDWARDS-KS,0.08653846153846154
ELK-KS,0.012048192771084338
ELLIS-KS,0.037013401403956606
ELLSWORTH-KS,0.0
FINNEY-KS,0.0503989920201596
FORD-KS,0.043299908842297175
FRANKLIN-KS,0.017207147584381206
GEARY-KS,0.022354694485842028
GOVE-KS,0.046875
GRAHAM-KS,0.05194805194805195
GRANT-KS,0.16706443914081145
GRAY-KS,0.35396039603960394
GREELEY-KS,0.06593406593406594
GREENWOOD-KS,0.010752688172043012
HAMILTON-KS,0.08163265306122448
HARPER-KS,0.012944983818770227
HARVEY-KS,0.15751575157515751
HASKELL-KS,0.6296296296296297
HODGEMAN-KS,0.0
JACKSON-KS,0.016778523489932886
JEFFERSON-KS,0.028544243577545196
JEWELL-KS,0.0
JOHNSON-KS,0.03049262381454162
KEARNY-KS,0.24921135646687698
KINGMAN-KS,0.1437908496732026
KIOWA-KS,0.0
LABETTE-KS,0.1419068736141907
LANE-KS,0.9576271186440678
LEAVENWORTH-KS,0.045937268461348484
LINCOLN-KS,0.017964071856287425
LINN-KS,0.16113744075829384
LOGAN-KS,0.1016949152542373
LYON-KS,0.02653631284916201
MCPHERSON-KS,0.12372372372372373
MARION-KS,0.10385756676557864
MARSHALL-KS,0.0888382687927107
MEADE-KS,0.0603448275862069
MIAMI-KS,0.010146561443066516
MITCHELL-KS,0.2210796915167095
MONTGOMERY-KS,0.05979498861047836
MORRIS-KS,0.0
MORTON-KS,0.10526315789473684
NEMAHA-KS,0.008503401360544218
NEOSHO-KS,0.006211180124223602
NESS-KS,0.058823529411764705
NORTON-KS,0.0
OSAGE-KS,0.1011826544021025
OSBORNE-KS,0.07954545454545454
OTTAWA-KS,0.10793650793650794
PAWNEE-KS,0.03856749311294766
PHILLIPS-KS,0.059574468085106386
POTTAWATOMIE-KS,0.06223175965665236
PRATT-KS,0.0015772870662460567
RAWLINS-KS,0.01639344262295082
RENO-KS,0.10427892234548336
REPUBLIC-KS,0.0
RICE-KS,0.006611570247933884
RILEY-KS,0.026607854297097326
ROOKS-KS,0.029535864978902954
RUSH-KS,0.10204081632653061
RUSSELL-KS,0.01643192488262911
SALINE-KS,0.003256150506512301
SCOTT-KS,0.016129032258064516
SEDGWICK-KS,0.08853639329508381
SEWARD-KS,0.10421638822593476
SHAWNEE-KS,0.05256804214223003
SHERIDAN-KS,0.0
SHERMAN-KS,0.0
SMITH-KS,0.04519774011299435
STAFFORD-KS,0.4626865671641791
STANTON-KS,0.0
STEVENS-KS,0.0072992700729927005
SUMNER-KS,0.02802893309222423
THOMAS-KS,0.023762376237623763
TREGO-KS,0.02912621359223301
WABAUNSEE-KS,0.05370843989769821
WALLACE-KS,0.0
WASHINGTON-KS,0.0
WICHITA-KS,0.0
WILSON-KS,0.20253164556962025
WOODSON-KS,0.0070921985815602835
WYANDOTTE-KS,0.1550245798559506
ADAIR-KY,0.04966641957005189
ALLEN-KY,0.1938073394495413
ANDERSON-KY,0.023972602739726026
BALLARD-KY,0.05181347150259067
BARREN-KY,0.15461943513642892
BATH-KY,0.04965753424657534
BELL-KY,0.11513687600644122
BOONE-KY,0.048824593128390596
BOURBON-KY,0.0
BOYD-KY,0.04257332071901608
BOYLE-KY,0.010059442158207591
BRACKEN-KY,0.1977715877437326
BREATHITT-KY,0.08536585365853659
BRECKINRIDGE-KY,0.022263450834879406
BULLITT-KY,0.024233784746970778
BUTLER-KY,0.0
CALDWELL-KY,0.3303411131059246
CALLOWAY-KY,0.030102347983142687
CAMPBELL-KY,0.006191369606003753
CARLISLE-KY,0.020491803278688523
CARROLL-KY,0.0
CARTER-KY,0.10123456790123457
CASEY-KY,0.30799475753604194
CHRISTIAN-KY,0.0778537611783272
CLARK-KY,0.14305750350631136
CLAY-KY,0.08994708994708994
CLINTON-KY,0.13474025974025974
CRITTENDEN-KY,0.11239193083573487
CUMBERLAND-KY,0.1036036036036036
DAVIESS-KY,0.08952629291612342
EDMONSON-KY,0.06643356643356643
ELLIOTT-KY,0.01293103448275862
ESTILL-KY,0.0
FAYETTE-KY,0.030158554163432754
FLEMING-KY,0.09697933227344992
FLOYD-KY,0.05110336817653891
FRANKLIN-KY,0.02260934025203855
FULTON-KY,0.04430379746835443
GALLATIN-KY,0.03486238532110092
GARRARD-KY,0.0
GRANT-KY,0.11301369863013698
GRAVES-KY,0.07850646242221158
GRAYSON-KY,0.1406480117820324
GREEN-KY,0.0730593607305936
GREENUP-KY,0.0375
HANCOCK-KY,0.052
HARDIN-KY,0.05839802399435427
HARLAN-KY,0.0890652557319224
HARRISON-KY,0.04938271604938271
HART-KY,0.24779735682819384
HENDERSON-KY,0.045416316232127836
HENRY-KY,0.04741379310344827
HICKMAN-KY,0.04745762711864407
HOPKINS-KY,0.030372756557754257
JACKSON-KY,0.0343878954607978
JEFFERSON-KY,0.06513026052104208
JESSAMINE-KY,0.03404111897539602
JOHNSON-KY,0.033367037411526794
KENTON-KY,0.018072289156626505
KNOTT-KY,0.058402860548271755
KNOX-KY,0.024430871737923375
LARUE-KY,0.05572755417956656
LAUREL-KY,0.12682760965657938
LAWRENCE-KY,0.05367231638418079
LEE-KY,0.1025
LESLIE-KY,0.10043668122270742
LETCHER-KY,0.08396946564885496
LEWIS-KY,0.0
LINCOLN-KY,0.10845431255337319
LIVINGSTON-KY,0.08031088082901554
LOGAN-KY,0.15748031496062992
LYON-KY,0.0
MCCRACKEN-KY,0.06867256637168141
MCCREARY-KY,0.09887359198998748
MCLEAN-KY,0.04158004158004158
MADISON-KY,0.02429035446970767
MAGOFFIN-KY,0.06208425720620843
MARION-KY,0.0889132821075741
MARSHALL-KY,0.019830028328611898
MARTIN-KY,0.15010141987829614
MASON-KY,0.13780025284450062
MEADE-KY,0.052742616033755275
MENIFEE-KY,0.08163265306122448
MERCER-KY,0.0430622009569378
METCALFE-KY,0.025056947608200455
MONROE-KY,0.4297029702970297
MONTGOMERY-KY,0.017593244194229415
MORGAN-KY,0.21107266435986158
MUHLENBERG-KY,0.027507163323782235
NELSON-KY,0.009751340809361287
NICHOLAS-KY,0.04807692307692308
OHIO-KY,0.06925418569254185
OLDHAM-KY,0.02211166390270868
OWEN-KY,0.08258928571428571
OWSLEY-KY,0.09803921568627451
PENDLETON-KY,0.026277372262773723
PERRY-KY,0.0
PIKE-KY,0.03232682060390764
POWELL-KY,0.01201923076923077
PULASKI-KY,0.14261168384879724
ROBERTSON-KY,0.13636363636363635
ROCKCASTLE-KY,0.0
ROWAN-KY,0.007655851257746992
RUSSELL-KY,0.08194774346793349
SCOTT-KY,0.027929155313351498
SHELBY-KY,0.031967213114754096
SIMPSON-KY,0.007865168539325843
SPENCER-KY,0.04549590536851683
TAYLOR-KY,0.07270560190703218
TODD-KY,0.4173354735152488
TRIGG-KY,0.07674943566591422
TRIMBLE-KY,0.04132231404958678
UNION-KY,0.17777777777777778
WARREN-KY,0.013876758854924794
WASHINGTON-KY,0.05852842809364549
WAYNE-KY,0.12043010752688173
WEBSTER-KY,0.11564625850340136
WHITLEY-KY,0.04995579133510168
WOLFE-KY,0.002898550724637681
WOODFORD-KY,0.08349641226353555
BERNALILLO-NM,0.08006142968908464
CATRON-NM,0.0
CHAVES-NM,0.1225277375783888
CIBOLA-NM,0.05259697567389875
COLFAX-NM,0.21507352941176472
CURRY-NM,0.11182795698924732
DE BACA-NM,0.0
DOA ANA-NM,0.05038062283737024
EDDY-NM,0.25146559703795124
GRANT-NM,0.019536903039073805
GUADALUPE-NM,0.0
HARDING-NM,0.0
HIDALGO-NM,0.16030534351145037
LEA-NM,0.09826589595375723
LINCOLN-NM,0.0880597014925373
LOS ALAMOS-NM,0.041666666666666664
LUNA-NM,0.11012861736334405
MCKINLEY-NM,0.12793791574279378
MORA-NM,0.0
OTERO-NM,0.1325128792215226
QUAY-NM,0.01834862385321101
RIO ARRIBA-NM,0.08202599731062304
ROOSEVELT-NM,0.07003012048192771
SANDOVAL-NM,0.04276186739897999
SAN JUAN-NM,0.0848990953375087
SAN MIGUEL-NM,0.03991596638655462
SANTA FE-NM,0.08875828812537673
SIERRA-NM,0.044444444444444446
SOCORRO-NM,0.016488845780795344
TAOS-NM,0.09138576779026217
TORRANCE-NM,0.11641221374045801
UNION-NM,0.0
VALENCIA-NM,0.08749712180520378
