County-State,Percentage-Private-School,Percentage-Public-School
PIKE-AR,0.1111111111111111,0.8888888888888888
ADAMS-NE,0.18181818181818182,0.8181818181818182
BREATHITT-KY,0.23076923076923078,0.7692307692307693
NEW HAVEN-CT,0.19461077844311378,0.8053892215568862
BRADLEY-AR,0.125,0.875
HEMPSTEAD-AR,0.18181818181818182,0.8181818181818182
LARAMIE-WY,0.1,0.9
YORK-PA,0.23943661971830985,0.7605633802816901
BOONE-WV,0.125,0.875
CRAWFORD-IL,0.09090909090909091,0.9090909090909091
YAVAPAI-AZ,0.10714285714285714,0.8928571428571429
CAPE MAY-NJ,0.17073170731707318,0.8292682926829268
CEDAR-NE,0.16666666666666666,0.8333333333333334
TIOGA-PA,0.2631578947368421,0.7368421052631579
ALEXANDER-IL,0.16666666666666666,0.8333333333333334
JEFFERSON-OH,0.08,0.92
ERIE-OH,0.0967741935483871,0.9032258064516129
CARSON CITY-NV,0.11764705882352941,0.8823529411764706
GRAND-CO,0.2222222222222222,0.7777777777777778
ST. CLAIR-MI,0.13846153846153847,0.8615384615384616
SCHUYLER-NY,0.14285714285714285,0.8571428571428571
FRESNO-CA,0.06149732620320856,0.9385026737967914
JEFFERSON-TN,0.08333333333333333,0.9166666666666666
DOUGLAS-CO,0.16964285714285715,0.8303571428571429
CALHOUN-MI,0.08064516129032258,0.9193548387096774
ETOWAH-AL,0.10869565217391304,0.8913043478260869
CHILTON-AL,0.06666666666666667,0.9333333333333333
LEE-AR,0.5,0.5
ELKHART-IN,0.43,0.57
BERKS-PA,0.32413793103448274,0.6758620689655173
PUTNAM-OH,0.11538461538461539,0.8846153846153846
MONTEREY-CA,0.1130952380952381,0.8869047619047619
BOONE-MO,0.2361111111111111,0.7638888888888888
AIKEN-SC,0.23076923076923078,0.7692307692307693
PINAL-AZ,0.02040816326530612,0.9795918367346939
WALTON-FL,0.23076923076923078,0.7692307692307693
COWLEY-KS,0.12,0.88
SCOTT-IA,0.13333333333333333,0.8666666666666667
CULLMAN-AL,0.125,0.875
MARION-KY,0.08333333333333333,0.9166666666666666
LUZERNE-PA,0.2857142857142857,0.7142857142857143
MONTGOMERY-GA,0.25,0.75
YAZOO-MS,0.16666666666666666,0.8333333333333334
GILA-AZ,0.07692307692307693,0.9230769230769231
CHARLOTTE-FL,0.23529411764705882,0.7647058823529411
ORANGE-FL,0.34988179669030733,0.6501182033096927
MITCHELL-KS,0.42857142857142855,0.5714285714285714
CLINTON-IA,0.1,0.9
MORTON-ND,0.04,0.96
CHISAGO-MN,0.06896551724137931,0.9310344827586207
POSEY-IN,0.25,0.75
CLARK-WA,0.13125,0.86875
LAWRENCE-KY,0.14285714285714285,0.8571428571428571
RAVALLI-MT,0.12,0.88
UINTAH-UT,0.058823529411764705,0.9411764705882353
LAKE-OH,0.17142857142857143,0.8285714285714286
MEIGS-OH,0.1111111111111111,0.8888888888888888
MAURY-TN,0.2222222222222222,0.7777777777777778
LA PLATA-CO,0.22580645161290322,0.7741935483870968
OUTAGAMIE-WI,0.2,0.8
CRAWFORD-IA,0.07142857142857142,0.9285714285714286
ALLAMAKEE-IA,0.09090909090909091,0.9090909090909091
CROW WING-MN,0.14814814814814814,0.8518518518518519
POLK-MN,0.2,0.8
CODINGTON-SD,0.19047619047619047,0.8095238095238095
MONROE-WV,0.16666666666666666,0.8333333333333334
SANGAMON-IL,0.18681318681318682,0.8131868131868132
TOWNS-GA,0.25,0.75
ANDERSON-KS,0.14285714285714285,0.8571428571428571
WAYNE-MI,0.11240875912408758,0.8875912408759125
ISANTI-MN,0.13043478260869565,0.8695652173913043
CORTLAND-NY,0.18181818181818182,0.8181818181818182
PICKENS-GA,0.125,0.875
HENRY-OH,0.21428571428571427,0.7857142857142857
LAFAYETTE-MO,0.20833333333333334,0.7916666666666666
CASS-ND,0.078125,0.921875
MCLEOD-MN,0.24,0.76
MILLE LACS-MN,0.12,0.88
TIPPECANOE-IN,0.1956521739130435,0.8043478260869565
WHITLEY-IN,0.26666666666666666,0.7333333333333333
HENRY-IN,0.14285714285714285,0.8571428571428571
HANCOCK-IN,0.12,0.88
KNOTT-KY,0.1111111111111111,0.8888888888888888
SUMMIT-UT,0.1111111111111111,0.8888888888888888
POLK-GA,0.08333333333333333,0.9166666666666666
HOUSTON-GA,0.1590909090909091,0.8409090909090909
LAMAR-GA,0.42857142857142855,0.5714285714285714
MERCED-CA,0.09523809523809523,0.9047619047619048
JACKSON-MO,0.15217391304347827,0.8478260869565217
DOUGLAS-OR,0.12727272727272726,0.8727272727272727
SANTA FE-NM,0.23529411764705882,0.7647058823529411
ISABELLA-MI,0.18518518518518517,0.8148148148148148
BAY-MI,0.21739130434782608,0.782608695652174
JACKSON-MI,0.0875,0.9125
CLAY-AL,0.3333333333333333,0.6666666666666666
DEWEY-SD,0.09090909090909091,0.9090909090909091
KENT-RI,0.20689655172413793,0.7931034482758621
HARLAN-KY,0.06666666666666667,0.9333333333333333
ROCK ISLAND-IL,0.14285714285714285,0.8571428571428571
MONROE-MO,0.16666666666666666,0.8333333333333334
SHAWANO-WI,0.2916666666666667,0.7083333333333334
SANTA ROSA-FL,0.11363636363636363,0.8863636363636364
GADSDEN-FL,0.1111111111111111,0.8888888888888888
MORRISON-MN,0.07692307692307693,0.9230769230769231
CRAIGHEAD-AR,0.1,0.9
JEFFERSON-IN,0.3125,0.6875
JEFFERSON-WA,0.21052631578947367,0.7894736842105263
POTTER-PA,0.2857142857142857,0.7142857142857143
FRANKLIN-IL,0.13043478260869565,0.8695652173913043
WINDHAM-CT,0.16129032258064516,0.8387096774193549
FANNIN-GA,0.16666666666666666,0.8333333333333334
WARE-GA,0.09090909090909091,0.9090909090909091
MARION-SC,0.15384615384615385,0.8461538461538461
WASHINGTON-FL,0.21428571428571427,0.7857142857142857
MANATEE-FL,0.23076923076923078,0.7692307692307693
WAYNE-IN,0.41025641025641024,0.5897435897435898
MORGAN-IN,0.08333333333333333,0.9166666666666666
SPOKANE-WA,0.1813953488372093,0.8186046511627907
SHELBY-TN,0.19519519519519518,0.8048048048048048
HORRY-SC,0.16176470588235295,0.8382352941176471
MARICOPA-AZ,0.10596491228070175,0.8940350877192983
TRIGG-KY,0.3333333333333333,0.6666666666666666
LOGAN-IL,0.06666666666666667,0.9333333333333333
WILLIAMSON-IL,0.13793103448275862,0.8620689655172413
CUSTER-MT,0.13333333333333333,0.8666666666666667
ORANGE-NY,0.21153846153846154,0.7884615384615384
ONTARIO-NY,0.14705882352941177,0.8529411764705882
PAULDING-OH,0.09090909090909091,0.9090909090909091
GRENADA-MS,0.14285714285714285,0.8571428571428571
HAWAII-HI,0.16417910447761194,0.835820895522388
LAFAYETTE-WI,0.05555555555555555,0.9444444444444444
OTTAWA-MI,0.175,0.825
HUNTERDON-NJ,0.09836065573770492,0.9016393442622951
OUACHITA-AR,0.1,0.9
WILLIAMSON-TN,0.2,0.8
MUSCATINE-IA,0.058823529411764705,0.9411764705882353
SHELBY-IN,0.10526315789473684,0.8947368421052632
BULLITT-KY,0.10344827586206896,0.896551724137931
PUTNAM-WV,0.08,0.92
FRANKLIN-NY,0.16,0.84
WILLIAMS-OH,0.10526315789473684,0.8947368421052632
PITTSBURG-OK,0.05555555555555555,0.9444444444444444
KNOX-TN,0.296875,0.703125
GRANT-WI,0.225,0.775
POPE-MN,0.1111111111111111,0.8888888888888888
FAULKNER-AR,0.04878048780487805,0.9512195121951219
RITCHIE-WV,0.14285714285714285,0.8571428571428571
HARRISON-WV,0.2,0.8
LEWIS-NY,0.2222222222222222,0.7777777777777778
WARREN-NY,0.05,0.95
MIDDLESEX-CT,0.1232876712328767,0.8767123287671232
CALLAWAY-MO,0.07692307692307693,0.9230769230769231
CROOK-OR,0.1111111111111111,0.8888888888888888
WATONWAN-MN,0.16666666666666666,0.8333333333333334
MONTGOMERY-KY,0.07692307692307693,0.9230769230769231
JASPER-IL,0.125,0.875
JACKSON-GA,0.09523809523809523,0.9047619047619048
OWYHEE-ID,0.09090909090909091,0.9090909090909091
LAUREL-KY,0.13043478260869565,0.8695652173913043
BIG HORN-MT,0.1111111111111111,0.8888888888888888
KERN-CA,0.10067114093959731,0.8993288590604027
HUMBOLDT-CA,0.1188118811881188,0.8811881188118812
MONTGOMERY-MS,0.16666666666666666,0.8333333333333334
LINCOLN-OR,0.1,0.9
ALACHUA-FL,0.25,0.75
BOISE-ID,0.14285714285714285,0.8571428571428571
WABASHA-MN,0.1875,0.8125
MONROE-IN,0.1794871794871795,0.8205128205128205
BOURBON-KY,0.09090909090909091,0.9090909090909091
NAPA-CA,0.28125,0.71875
DOUGLAS-WI,0.16666666666666666,0.8333333333333334
MONTCALM-MI,0.16666666666666666,0.8333333333333334
WILCOX-AL,0.14285714285714285,0.8571428571428571
DELAWARE-IN,0.07692307692307693,0.9230769230769231
BOONE-KY,0.275,0.725
MCKEAN-PA,0.2631578947368421,0.7368421052631579
WINNEBAGO-IL,0.2,0.8
IROQUOIS-IL,0.07692307692307693,0.9230769230769231
BURKE-GA,0.2857142857142857,0.7142857142857143
SUMMIT-OH,0.21875,0.78125
IMPERIAL-CA,0.0975609756097561,0.9024390243902439
DEL NORTE-CA,0.10526315789473684,0.8947368421052632
NEWTON-MS,0.07692307692307693,0.9230769230769231
DICKSON-TN,0.15789473684210525,0.8421052631578947
TANEY-MO,0.125,0.875
OTSEGO-MI,0.25,0.75
KITTSON-MN,0.14285714285714285,0.8571428571428571
RANDOLPH-AR,0.14285714285714285,0.8571428571428571
MONTGOMERY-NY,0.2727272727272727,0.7272727272727273
FAYETTE-GA,0.32432432432432434,0.6756756756756757
POLK-MO,0.09523809523809523,0.9047619047619048
COLLETON-SC,0.25,0.75
COLLIER-FL,0.23655913978494625,0.7634408602150538
CIBOLA-NM,0.10526315789473684,0.8947368421052632
MARENGO-AL,0.16666666666666666,0.8333333333333334
GREENE-NY,0.058823529411764705,0.9411764705882353
CACHE-UT,0.041666666666666664,0.9583333333333334
CARROLL-OH,0.08333333333333333,0.9166666666666666
MADISON-OH,0.15,0.85
SANTA CRUZ-CA,0.2358490566037736,0.7641509433962265
LEAKE-MS,0.1111111111111111,0.8888888888888888
CHARITON-MO,0.1111111111111111,0.8888888888888888
CRAWFORD-MO,0.1,0.9
DILLON-SC,0.07692307692307693,0.9230769230769231
GULF-FL,0.2222222222222222,0.7777777777777778
GRATIOT-MI,0.1,0.9
REDWOOD-MN,0.125,0.875
COLES-IL,0.19047619047619047,0.8095238095238095
GALLATIN-MT,0.21052631578947367,0.7894736842105263
MIAMI-OH,0.20930232558139536,0.7906976744186046
INYO-CA,0.038461538461538464,0.9615384615384616
SIOUX-IA,0.4444444444444444,0.5555555555555556
CHICKASAW-IA,0.1111111111111111,0.8888888888888888
MINIDOKA-ID,0.07692307692307693,0.9230769230769231
WASHINGTON-AR,0.11538461538461539,0.8846153846153846
SUFFOLK-MA,0.20952380952380953,0.7904761904761904
WHATCOM-WA,0.20833333333333334,0.7916666666666666
SALT LAKE-UT,0.14594594594594595,0.8540540540540541
HARDIN-TN,0.2222222222222222,0.7777777777777778
SUSSEX-NJ,0.1896551724137931,0.8103448275862069
CALHOUN-AL,0.13636363636363635,0.8636363636363636
JACKSON-MN,0.25,0.75
ST. LOUIS-MN,0.09090909090909091,0.9090909090909091
BULLOCH-GA,0.15789473684210525,0.8421052631578947
BENTON-TN,0.14285714285714285,0.8571428571428571
DENVER-CO,0.15873015873015872,0.8412698412698413
CHIPPEWA-WI,0.3333333333333333,0.6666666666666666
SAN JUAN-NM,0.08695652173913043,0.9130434782608695
MARTIN-MN,0.2777777777777778,0.7222222222222222
HENNEPIN-MN,0.13805309734513274,0.8619469026548673
WASHINGTON-MN,0.1415929203539823,0.8584070796460177
BARREN-KY,0.047619047619047616,0.9523809523809523
OHIO-WV,0.36363636363636365,0.6363636363636364
HENRY-IL,0.034482758620689655,0.9655172413793104
ERIE-NY,0.21785714285714286,0.7821428571428571
FRANKLIN-GA,0.25,0.75
EARLY-GA,0.25,0.75
CRAIG-OK,0.07142857142857142,0.9285714285714286
LEAVENWORTH-KS,0.10344827586206896,0.896551724137931
MONTGOMERY-AL,0.25316455696202533,0.7468354430379747
WRIGHT-MN,0.0975609756097561,0.9024390243902439
FALL RIVER-SD,0.1111111111111111,0.8888888888888888
BROWN-SD,0.2903225806451613,0.7096774193548387
RANDOLPH-IL,0.391304347826087,0.6086956521739131
HANCOCK-IL,0.0625,0.9375
OVERTON-TN,0.125,0.875
MARION-OR,0.14925373134328357,0.8507462686567164
JEFFERSON-FL,0.09090909090909091,0.9090909090909091
STORY-IA,0.037037037037037035,0.9629629629629629
GRAND TRAVERSE-MI,0.23809523809523808,0.7619047619047619
HOT SPRING-AR,0.0625,0.9375
RENSSELAER-NY,0.21153846153846154,0.7884615384615384
GUERNSEY-OH,0.15789473684210525,0.8421052631578947
GLENN-CA,0.07142857142857142,0.9285714285714286
DANE-WI,0.18357487922705315,0.8164251207729468
ALLEN-IN,0.37410071942446044,0.6258992805755396
NANTUCKET-MA,0.42857142857142855,0.5714285714285714
NELSON-KY,0.28,0.72
MINGO-WV,0.15384615384615385,0.8461538461538461
COWETA-GA,0.14285714285714285,0.8571428571428571
AUGLAIZE-OH,0.05263157894736842,0.9473684210526315
VENTURA-CA,0.18900343642611683,0.8109965635738832
WASHINGTON-TN,0.1,0.9
ANDREW-MO,0.08333333333333333,0.9166666666666666
JEFFERSON-MO,0.0958904109589041,0.9041095890410958
WASHINGTON-IN,0.3333333333333333,0.6666666666666666
FREMONT-WY,0.07894736842105263,0.9210526315789473
WARREN-KY,0.11538461538461539,0.8846153846153846
TETON-MT,0.05555555555555555,0.9444444444444444
LEWIS AND CLARK-MT,0.18181818181818182,0.8181818181818182
PARK-MT,0.1111111111111111,0.8888888888888888
PUTNAM-GA,0.2,0.8
LIBERTY-GA,0.14285714285714285,0.8571428571428571
STARK-OH,0.2116788321167883,0.7883211678832117
ROSS-OH,0.0967741935483871,0.9032258064516129
CREEK-OK,0.05,0.95
LINCOLN-TN,0.08333333333333333,0.9166666666666666
OCONTO-WI,0.125,0.875
BARRON-WI,0.17777777777777778,0.8222222222222222
MENOMINEE-MI,0.1,0.9
WINONA-MN,0.2962962962962963,0.7037037037037037
JEFFERSON-AR,0.03571428571428571,0.9642857142857143
STARKE-IN,0.125,0.875
ELK-PA,0.3333333333333333,0.6666666666666666
DAWSON-GA,0.2222222222222222,0.7777777777777778
WHITFIELD-GA,0.08571428571428572,0.9142857142857143
HARRIS-GA,0.125,0.875
MISSISSIPPI-MO,0.1111111111111111,0.8888888888888888
LAS ANIMAS-CO,0.1875,0.8125
WEBSTER-IA,0.21428571428571427,0.7857142857142857
WILLIAMS-ND,0.04,0.96
POPE-AR,0.08333333333333333,0.9166666666666666
EDGAR-IL,0.05263157894736842,0.9473684210526315
LAKE-MT,0.2222222222222222,0.7777777777777778
UPSON-GA,0.3333333333333333,0.6666666666666666
DEKALB-GA,0.3059360730593607,0.6940639269406392
WILSON-TN,0.20588235294117646,0.7941176470588235
CABELL-WV,0.14705882352941177,0.8529411764705882
PAULDING-GA,0.029411764705882353,0.9705882352941176
DADE-MO,0.09090909090909091,0.9090909090909091
TEXAS-MO,0.15789473684210525,0.8421052631578947
MERRIMACK-NH,0.2077922077922078,0.7922077922077922
FRANKLIN-FL,0.16666666666666666,0.8333333333333334
THOMAS-KS,0.2222222222222222,0.7777777777777778
OSCEOLA-MI,0.1111111111111111,0.8888888888888888
STEELE-MN,0.13636363636363635,0.8636363636363636
TETON-WY,0.26666666666666666,0.7333333333333333
FORSYTH-GA,0.3148148148148148,0.6851851851851852
PLACER-CA,0.15328467153284672,0.8467153284671532
MARLBORO-SC,0.2727272727272727,0.7272727272727273
OZAUKEE-WI,0.28205128205128205,0.717948717948718
DAKOTA-NE,0.08333333333333333,0.9166666666666666
SEWARD-NE,0.36363636363636365,0.6363636363636364
MCDONOUGH-IL,0.0625,0.9375
KNOX-IL,0.043478260869565216,0.9565217391304348
MORGAN-TN,0.2,0.8
MARION-TN,0.07692307692307693,0.9230769230769231
MARION-MO,0.11764705882352941,0.8823529411764706
SALEM-NJ,0.05714285714285714,0.9428571428571428
ARKANSAS-AR,0.18181818181818182,0.8181818181818182
JOHNSON-IN,0.15555555555555556,0.8444444444444444
COWLITZ-WA,0.1,0.9
FULTON-PA,0.2,0.8
JERSEY-IL,0.1111111111111111,0.8888888888888888
BOONE-IL,0.09523809523809523,0.9047619047619048
ESSEX-NY,0.2916666666666667,0.7083333333333334
FAIRFIELD-CT,0.2,0.8
MADERA-CA,0.05952380952380952,0.9404761904761905
NEVADA-CA,0.11666666666666667,0.8833333333333333
MODOC-CA,0.15384615384615385,0.8461538461538461
JONES-MS,0.047619047619047616,0.9523809523809523
FRANKLIN-MO,0.19230769230769232,0.8076923076923077
DESCHUTES-OR,0.3,0.7
MCKENZIE-ND,0.1,0.9
SNYDER-PA,0.7037037037037037,0.2962962962962963
VALLEY-MT,0.058823529411764705,0.9411764705882353
FULTON-OH,0.125,0.875
RALLS-MO,0.25,0.75
SAGUACHE-CO,0.1111111111111111,0.8888888888888888
GEORGETOWN-SC,0.17391304347826086,0.8260869565217391
BUCHANAN-IA,0.14285714285714285,0.8571428571428571
HURON-MI,0.21212121212121213,0.7878787878787878
CAVALIER-ND,0.2,0.8
BURLEIGH-ND,0.2,0.8
FAIRFIELD-OH,0.11538461538461539,0.8846153846153846
GASCONADE-MO,0.2222222222222222,0.7777777777777778
FORD-KS,0.058823529411764705,0.9411764705882353
DODGE-NE,0.16,0.84
SANDERS-MT,0.058823529411764705,0.9411764705882353
WEBER-UT,0.1276595744680851,0.8723404255319149
LIVINGSTON-MO,0.08333333333333333,0.9166666666666666
SCOTT-MO,0.23333333333333334,0.7666666666666667
BERGEN-NJ,0.2584856396866841,0.741514360313316
MARSHALL-AL,0.027777777777777776,0.9722222222222222
YELLOW MEDICINE-MN,0.125,0.875
YAKIMA-WA,0.12403100775193798,0.875968992248062
WOODFORD-KY,0.2222222222222222,0.7777777777777778
ALLEN-KY,0.4444444444444444,0.5555555555555556
WAUSHARA-WI,0.2,0.8
LAUDERDALE-AL,0.17391304347826086,0.8260869565217391
WASECA-MN,0.14285714285714285,0.8571428571428571
BROOKINGS-SD,0.05263157894736842,0.9473684210526315
BOONE-NE,0.1111111111111111,0.8888888888888888
JOHNSON-KY,0.125,0.875
BROOKS-GA,0.14285714285714285,0.8571428571428571
MCMINN-TN,0.0625,0.9375
PETTIS-MO,0.16666666666666666,0.8333333333333334
WOODBURY-IA,0.1956521739130435,0.8043478260869565
LAWRENCE-SD,0.11764705882352941,0.8823529411764706
ADAMS-PA,0.25,0.75
POLK-TN,0.14285714285714285,0.8571428571428571
CHESTERFIELD-SC,0.2727272727272727,0.7272727272727273
CLARENDON-SC,0.125,0.875
DALLAS-AL,0.1111111111111111,0.8888888888888888
PULASKI-AR,0.1962025316455696,0.8037974683544303
WHITE-IN,0.07692307692307693,0.9230769230769231
HAMILTON-NE,0.18181818181818182,0.8181818181818182
FAYETTE-KY,0.23,0.77
HOPKINS-KY,0.08333333333333333,0.9166666666666666
LIVINGSTON-IL,0.20689655172413793,0.7931034482758621
MONTGOMERY-OH,0.17857142857142858,0.8214285714285714
AMITE-MS,0.25,0.75
MACON-TN,0.1111111111111111,0.8888888888888888
HARVEY-KS,0.15,0.85
COFFEE-AL,0.1111111111111111,0.8888888888888888
CONECUH-AL,0.1111111111111111,0.8888888888888888
CARROLL-IN,0.14285714285714285,0.8571428571428571
NORTHUMBERLAND-PA,0.25,0.75
SUTTER-CA,0.061224489795918366,0.9387755102040817
BOULDER-CO,0.2072072072072072,0.7927927927927928
KERSHAW-SC,0.2,0.8
DALLAS-IA,0.05405405405405406,0.9459459459459459
SCHOOLCRAFT-MI,0.3333333333333333,0.6666666666666666
UNION-NJ,0.23931623931623933,0.7606837606837606
CASS-NE,0.0625,0.9375
PERRY-OH,0.0625,0.9375
BAKER-OR,0.07692307692307693,0.9230769230769231
WAPELLO-IA,0.11764705882352941,0.8823529411764706
LAWRENCE-AL,0.0625,0.9375
FARIBAULT-MN,0.14285714285714285,0.8571428571428571
OLMSTED-MN,0.16455696202531644,0.8354430379746836
CARROLL-AR,0.16666666666666666,0.8333333333333334
STEPHENSON-IL,0.17857142857142858,0.8214285714285714
COLQUITT-GA,0.17647058823529413,0.8235294117647058
ADAMS-WI,0.16666666666666666,0.8333333333333334
WASHBURN-WI,0.05555555555555555,0.9444444444444444
HIGHLANDS-FL,0.2727272727272727,0.7272727272727273
ESSEX-NJ,0.2070063694267516,0.7929936305732485
MORRIS-NJ,0.2403846153846154,0.7596153846153846
GRANT-MN,0.125,0.875
MCCRACKEN-KY,0.043478260869565216,0.9565217391304348
CHESTER-PA,0.4675925925925926,0.5324074074074074
PERRY-PA,0.5161290322580645,0.4838709677419355
SHELBY-IL,0.17647058823529413,0.8235294117647058
WASATCH-UT,0.08333333333333333,0.9166666666666666
QUITMAN-MS,0.2,0.8
LOGAN-KS,0.16666666666666666,0.8333333333333334
GRUNDY-IA,0.08333333333333333,0.9166666666666666
ISLAND-WA,0.16666666666666666,0.8333333333333334
CAMPBELL-KY,0.325,0.675
CLARION-PA,0.41379310344827586,0.5862068965517241
CUMBERLAND-PA,0.3958333333333333,0.6041666666666666
BEDFORD-PA,0.36666666666666664,0.6333333333333333
MONROE-OH,0.1111111111111111,0.8888888888888888
STANISLAUS-CA,0.08173076923076923,0.9182692307692307
WEAKLEY-TN,0.16666666666666666,0.8333333333333334
HOOD RIVER-OR,0.2727272727272727,0.7272727272727273
PASCO-FL,0.21428571428571427,0.7857142857142857
LAKE-FL,0.33695652173913043,0.6630434782608695
HAMILTON-FL,0.25,0.75
OTERO-NM,0.10714285714285714,0.8928571428571429
SHAWNEE-KS,0.16176470588235295,0.8382352941176471
RICE-MN,0.18421052631578946,0.8157894736842105
MITCHELL-GA,0.2,0.8
MAYES-OK,0.043478260869565216,0.9565217391304348
KENT-MI,0.13448275862068965,0.8655172413793103
MADISON-ID,0.0625,0.9375
CAMBRIA-PA,0.23529411764705882,0.7647058823529411
BLAINE-MT,0.1111111111111111,0.8888888888888888
WAYNE-NY,0.05,0.95
RICHMOND-GA,0.1527777777777778,0.8472222222222222
GREENE-OH,0.20833333333333334,0.7916666666666666
CLARK-NV,0.13855421686746988,0.8614457831325302
CARTER-OK,0.06666666666666667,0.9333333333333333
KINGS-CA,0.05555555555555555,0.9444444444444444
ROANE-TN,0.22727272727272727,0.7727272727272727
MESA-CO,0.12698412698412698,0.873015873015873
UNION-OR,0.2222222222222222,0.7777777777777778
PIPESTONE-MN,0.23076923076923078,0.7692307692307693
RICHARDSON-NE,0.1111111111111111,0.8888888888888888
PIKE-MS,0.13636363636363635,0.8636363636363636
BARRY-MO,0.09090909090909091,0.9090909090909091
OCEANA-MI,0.14285714285714285,0.8571428571428571
DOUGLAS-MN,0.13043478260869565,0.8695652173913043
PHILLIPS-AR,0.21428571428571427,0.7857142857142857
ASOTIN-WA,0.15384615384615385,0.8461538461538461
GOSHEN-WY,0.14285714285714285,0.8571428571428571
MONROE-IL,0.16666666666666666,0.8333333333333334
FAYETTE-IL,0.125,0.875
VAN WERT-OH,0.07142857142857142,0.9285714285714286
CLINTON-OH,0.05555555555555555,0.9444444444444444
ST. LOUIS-MO,0.27992633517495397,0.7200736648250461
WASHINGTON-WI,0.3220338983050847,0.6779661016949152
LINCOLN-WI,0.2777777777777778,0.7222222222222222
MUSKEGON-MI,0.05063291139240506,0.9493670886075949
WELLS-IN,0.1,0.9
GRAYS HARBOR-WA,0.06818181818181818,0.9318181818181818
ST. LAWRENCE-NY,0.2857142857142857,0.7142857142857143
WASHINGTON-GA,0.16666666666666666,0.8333333333333334
CHATHAM-GA,0.29411764705882354,0.7058823529411765
SAUK-WI,0.21951219512195122,0.7804878048780488
PINELLAS-FL,0.3185483870967742,0.6814516129032258
OKEECHOBEE-FL,0.18181818181818182,0.8181818181818182
PAGE-IA,0.15384615384615385,0.8461538461538461
MARSHALL-IN,0.4482758620689655,0.5517241379310345
HUNTINGTON-IN,0.07692307692307693,0.9230769230769231
CUMING-NE,0.25,0.75
CASS-IL,0.2,0.8
ANDERSON-TN,0.13333333333333333,0.8666666666666667
LEWIS-TN,0.42857142857142855,0.5714285714285714
DELAWARE-IA,0.16666666666666666,0.8333333333333334
ST. JOSEPH-IN,0.32407407407407407,0.6759259259259259
BENTON-IN,0.2,0.8
FAYETTE-IN,0.1,0.9
BARTHOLOMEW-IN,0.2692307692307692,0.7307692307692307
SCOTTS BLUFF-NE,0.08571428571428572,0.9142857142857143
HALL-NE,0.13513513513513514,0.8648648648648649
JOHNSON-IL,0.125,0.875
HICKMAN-TN,0.1111111111111111,0.8888888888888888
ARAPAHOE-CO,0.15306122448979592,0.8469387755102041
CROSS-AR,0.14285714285714285,0.8571428571428571
LICKING-OH,0.13432835820895522,0.8656716417910447
SUMNER-TN,0.15517241379310345,0.8448275862068966
LINCOLN-MO,0.16666666666666666,0.8333333333333334
WAUKESHA-WI,0.3048780487804878,0.6951219512195121
WEXFORD-MI,0.14285714285714285,0.8571428571428571
JASPER-IN,0.23076923076923078,0.7692307692307693
BENTON-WA,0.1232876712328767,0.8767123287671232
WASHINGTON-UT,0.12307692307692308,0.8769230769230769
WAGONER-OK,0.043478260869565216,0.9565217391304348
BARNWELL-SC,0.26666666666666666,0.7333333333333333
BEAUFORT-SC,0.2391304347826087,0.7608695652173914
FOND DU LAC-WI,0.24561403508771928,0.7543859649122807
BARBOUR-AL,0.18181818181818182,0.8181818181818182
HAND-SD,0.2,0.8
BENTON-AR,0.11764705882352941,0.8823529411764706
ORANGE-IN,0.125,0.875
MIDDLESEX-MA,0.2553606237816764,0.7446393762183235
HOLMES-MS,0.1111111111111111,0.8888888888888888
BUTLER-MO,0.09523809523809523,0.9047619047619048
WASHINGTON-MO,0.07142857142857142,0.9285714285714286
GRANT-NM,0.15789473684210525,0.8421052631578947
SEDGWICK-KS,0.1693121693121693,0.8306878306878307
ROSCOMMON-MI,0.0625,0.9375
OCEAN-NJ,0.3548387096774194,0.6451612903225806
HAMPDEN-MA,0.17258883248730963,0.8274111675126904
CLARK-KY,0.23076923076923078,0.7692307692307693
JEFFERSON-KY,0.292,0.708
ALLEGHENY-PA,0.29095354523227385,0.7090464547677262
INDIANA-PA,0.6101694915254238,0.3898305084745763
COLUMBIA-PA,0.24,0.76
COVINGTON-MS,0.09090909090909091,0.9090909090909091
GILES-TN,0.1111111111111111,0.8888888888888888
ADAIR-MO,0.25,0.75
BROWARD-FL,0.3302411873840445,0.6697588126159555
SALINE-KS,0.1111111111111111,0.8888888888888888
JEROME-ID,0.1,0.9
SOMERSET-NJ,0.37593984962406013,0.6240601503759399
HALE-AL,0.125,0.875
LAFAYETTE-AR,0.16666666666666666,0.8333333333333334
ARMSTRONG-PA,0.37037037037037035,0.6296296296296297
MARSHALL-WV,0.06666666666666667,0.9333333333333333
WABASH-IL,0.2857142857142857,0.7142857142857143
CHRISTIAN-IL,0.2,0.8
JACKSON-IL,0.17857142857142858,0.8214285714285714
TAYLOR-GA,0.16666666666666666,0.8333333333333334
TUSCARAWAS-OH,0.2833333333333333,0.7166666666666667
MARSHALL-IA,0.1111111111111111,0.8888888888888888
RAMSEY-ND,0.07692307692307693,0.9230769230769231
LAWRENCE-IN,0.13636363636363635,0.8636363636363636
CENTRE-PA,0.46875,0.53125
HARTFORD-CT,0.1553398058252427,0.8446601941747572
EATON-MI,0.14754098360655737,0.8524590163934426
FRANKLIN-AR,0.1,0.9
DUKES-MA,0.1111111111111111,0.8888888888888888
CAMPBELL-WY,0.10714285714285714,0.8928571428571429
SULLIVAN-TN,0.16,0.84
WAYNE-MO,0.2222222222222222,0.7777777777777778
COOS-NH,0.08,0.92
ST. CROIX-WI,0.1388888888888889,0.8611111111111112
SANDOVAL-NM,0.11764705882352941,0.8823529411764706
DANIELS-MT,0.25,0.75
DUCHESNE-UT,0.07142857142857142,0.9285714285714286
TIFT-GA,0.15384615384615385,0.8461538461538461
TOOMBS-GA,0.18181818181818182,0.8181818181818182
DESOTO-MS,0.16326530612244897,0.8367346938775511
BROOMFIELD-CO,0.4,0.6
DICKINSON-KS,0.14285714285714285,0.8571428571428571
FRANKLIN-KY,0.18181818181818182,0.8181818181818182
WARREN-GA,0.25,0.75
SUMTER-SC,0.24324324324324326,0.7567567567567568
LANGLADE-WI,0.07142857142857142,0.9285714285714286
PIMA-AZ,0.11547344110854503,0.8845265588914549
VOLUSIA-FL,0.34057971014492755,0.6594202898550725
MONROE-MI,0.171875,0.828125
CARLTON-MN,0.037037037037037035,0.9629629629629629
COLFAX-NE,0.07142857142857142,0.9285714285714286
BROWN-IL,0.25,0.75
CRAWFORD-OH,0.13636363636363635,0.8636363636363636
TULSA-OK,0.16818181818181818,0.8318181818181818
YUMA-AZ,0.056818181818181816,0.9431818181818182
LEELANAU-MI,0.2727272727272727,0.7272727272727273
TETON-ID,0.2222222222222222,0.7777777777777778
ST. CLAIR-AL,0.12903225806451613,0.8709677419354839
BLUE EARTH-MN,0.13333333333333333,0.8666666666666667
CARTER-KY,0.07692307692307693,0.9230769230769231
NORTHAMPTON-PA,0.22784810126582278,0.7721518987341772
DELAWARE-NY,0.043478260869565216,0.9565217391304348
LEWIS-MO,0.2,0.8
HILLSBOROUGH-FL,0.22355769230769232,0.7764423076923077
PRESQUE ISLE-MI,0.25,0.75
ATLANTIC-NJ,0.21153846153846154,0.7884615384615384
HOCKING-OH,0.2,0.8
SCOTT-TN,0.09090909090909091,0.9090909090909091
STE. GENEVIEVE-MO,0.42857142857142855,0.5714285714285714
ADDISON-VT,0.1111111111111111,0.8888888888888888
ORLEANS-VT,0.125,0.875
ST. JOSEPH-MI,0.11904761904761904,0.8809523809523809
CHEBOYGAN-MI,0.23076923076923078,0.7692307692307693
SCOTT-MN,0.13043478260869565,0.8695652173913043
NOBLE-IN,0.2727272727272727,0.7272727272727273
ORLEANS-NY,0.07142857142857142,0.9285714285714286
FLOYD-GA,0.12121212121212122,0.8787878787878788
LOWNDES-GA,0.3333333333333333,0.6666666666666666
KENT-DE,0.2676056338028169,0.7323943661971831
SAN BENITO-CA,0.15625,0.84375
SIMPSON-MS,0.3076923076923077,0.6923076923076923
JOSEPHINE-OR,0.2,0.8
PORTAGE-WI,0.2,0.8
CHAVES-NM,0.13157894736842105,0.868421052631579
WASHINGTON-NE,0.16666666666666666,0.8333333333333334
FRANKLIN-PA,0.44,0.56
DOUGLAS-GA,0.20454545454545456,0.7954545454545454
WILKINSON-MS,0.16666666666666666,0.8333333333333334
CALHOUN-MS,0.1,0.9
PUTNAM-TN,0.2,0.8
CLAY-MO,0.13953488372093023,0.8604651162790697
DALLAS-MO,0.2,0.8
MADISON-AL,0.23809523809523808,0.7619047619047619
WARRICK-IN,0.1,0.9
EMANUEL-GA,0.14285714285714285,0.8571428571428571
RIO BLANCO-CO,0.16666666666666666,0.8333333333333334
DUNN-WI,0.19047619047619047,0.8095238095238095
TWIN FALLS-ID,0.1590909090909091,0.8409090909090909
GEM-ID,0.18181818181818182,0.8181818181818182
MADISON-IN,0.18421052631578946,0.8157894736842105
HARRISON-IN,0.16666666666666666,0.8333333333333334
FILLMORE-NE,0.09090909090909091,0.9090909090909091
CANADIAN-OK,0.08163265306122448,0.9183673469387755
OKMULGEE-OK,0.041666666666666664,0.9583333333333334
SAN FRANCISCO-CA,0.39090909090909093,0.6090909090909091
BUFFALO-WI,0.09090909090909091,0.9090909090909091
LEMHI-ID,0.1,0.9
ROLETTE-ND,0.05263157894736842,0.9473684210526315
LE SUEUR-MN,0.13333333333333333,0.8666666666666667
STEARNS-MN,0.2441860465116279,0.7558139534883721
LOGAN-OK,0.07142857142857142,0.9285714285714286
CROCKETT-TN,0.125,0.875
POLK-OR,0.14285714285714285,0.8571428571428571
GREEN-WI,0.13043478260869565,0.8695652173913043
FRANKLIN-MA,0.13333333333333333,0.8666666666666667
DELAWARE-OK,0.05,0.95
HANCOCK-MS,0.08333333333333333,0.9166666666666666
TIPTON-TN,0.06666666666666667,0.9333333333333333
HONOLULU-HI,0.28957528957528955,0.7104247104247104
WILLIAMSBURG-SC,0.25,0.75
MULTNOMAH-OR,0.2894736842105263,0.7105263157894737
MARION-IA,0.10526315789473684,0.8947368421052632
SIOUX-ND,0.2222222222222222,0.7777777777777778
MORGAN-AL,0.08163265306122448,0.9183673469387755
FAYETTE-PA,0.17307692307692307,0.8269230769230769
CAMPBELL-TN,0.07692307692307693,0.9230769230769231
PLATTE-MO,0.1794871794871795,0.8205128205128205
PERRY-MO,0.3333333333333333,0.6666666666666666
UNION-SC,0.1,0.9
GREENVILLE-SC,0.27702702702702703,0.722972972972973
CLARK-WI,0.48717948717948717,0.5128205128205128
MIAMI-KS,0.13333333333333333,0.8666666666666667
BARAGA-MI,0.2857142857142857,0.7142857142857143
KINGSBURY-SD,0.0625,0.9375
YORK-NE,0.3076923076923077,0.6923076923076923
BRISTOL-MA,0.23118279569892472,0.7688172043010753
MADISON-IL,0.25961538461538464,0.7403846153846154
GENESEE-NY,0.08695652173913043,0.9130434782608695
BOX ELDER-UT,0.07407407407407407,0.9259259259259259
LYON-NV,0.13043478260869565,0.8695652173913043
BELKNAP-NH,0.21428571428571427,0.7857142857142857
LEA-NM,0.09523809523809523,0.9047619047619048
CAMDEN-NJ,0.21495327102803738,0.7850467289719626
HUTCHINSON-SD,0.05,0.95
BOYLE-KY,0.17647058823529413,0.8235294117647058
CASCADE-MT,0.14,0.86
SANTA CLARA-CA,0.28498293515358364,0.7150170648464164
HUMPHREYS-MS,0.16666666666666666,0.8333333333333334
BUCHANAN-MO,0.14634146341463414,0.8536585365853658
JACKSON-OR,0.1267605633802817,0.8732394366197183
RANDOLPH-AL,0.07692307692307693,0.9230769230769231
BROWN-MN,0.2727272727272727,0.7272727272727273
SPENCER-IN,0.09090909090909091,0.9090909090909091
CLARKE-GA,0.2413793103448276,0.7586206896551724
CAMDEN-MO,0.11764705882352941,0.8823529411764706
MOHAVE-AZ,0.0410958904109589,0.958904109589041
CHESHIRE-NH,0.2692307692307692,0.7307692307692307
JOHNSON-KS,0.18974358974358974,0.8102564102564103
SHIAWASSEE-MI,0.1111111111111111,0.8888888888888888
MURRAY-MN,0.3333333333333333,0.6666666666666666
PULASKI-KY,0.13636363636363635,0.8636363636363636
UNION-PA,0.5,0.5
LEE-IL,0.058823529411764705,0.9411764705882353
CRISP-GA,0.14285714285714285,0.8571428571428571
MADISON-GA,0.1111111111111111,0.8888888888888888
HAMILTON-OH,0.32081911262798635,0.6791808873720137
PAYNE-OK,0.07142857142857142,0.9285714285714286
ADAMS-MS,0.21428571428571427,0.7857142857142857
TALLAHATCHIE-MS,0.125,0.875
HARRISON-MS,0.16923076923076924,0.8307692307692308
RHEA-TN,0.1111111111111111,0.8888888888888888
MCNAIRY-TN,0.2,0.8
MARATHON-WI,0.25,0.75
DESOTO-FL,0.1875,0.8125
PUTNAM-FL,0.1935483870967742,0.8064516129032258
PLATTE-NE,0.34782608695652173,0.6521739130434783
GORDON-GA,0.11764705882352941,0.8823529411764706
CATOOSA-GA,0.15789473684210525,0.8421052631578947
CHEROKEE-OK,0.045454545454545456,0.9545454545454546
STONE-MO,0.05555555555555555,0.9444444444444444
MONTEZUMA-CO,0.09523809523809523,0.9047619047619048
KAY-OK,0.08333333333333333,0.9166666666666666
LARIMER-CO,0.12149532710280374,0.8785046728971962
TUSCOLA-MI,0.11764705882352941,0.8823529411764706
PAWNEE-NE,0.2,0.8
BRADFORD-PA,0.20833333333333334,0.7916666666666666
SOLANO-CA,0.12,0.88
ST. FRANCOIS-MO,0.0967741935483871,0.9032258064516129
MADISON-FL,0.0625,0.9375
BOUNDARY-ID,0.4444444444444444,0.5555555555555556
BOONE-IN,0.2916666666666667,0.7083333333333334
WAYNE-KY,0.1,0.9
TODD-KY,0.16666666666666666,0.8333333333333334
BUTLER-KY,0.125,0.875
POCAHONTAS-WV,0.16666666666666666,0.8333333333333334
MCLEAN-IL,0.17142857142857143,0.8285714285714286
FLATHEAD-MT,0.22413793103448276,0.7758620689655172
TRUMBULL-OH,0.24468085106382978,0.7553191489361702
WASHINGTON-MS,0.1935483870967742,0.8064516129032258
CEDAR-MO,0.25,0.75
ST. CHARLES-MO,0.22123893805309736,0.7787610619469026
JUNEAU-WI,0.11538461538461539,0.8846153846153846
MARQUETTE-MI,0.10714285714285714,0.8928571428571429
BAXTER-AR,0.09090909090909091,0.9090909090909091
DOOLY-GA,0.2,0.8
DEKALB-TN,0.16666666666666666,0.8333333333333334
ANDERSON-SC,0.125,0.875
RICHLAND-WI,0.23076923076923078,0.7692307692307693
FRANKLIN-IA,0.1111111111111111,0.8888888888888888
SNOHOMISH-WA,0.13909774436090225,0.8609022556390977
PACIFIC-WA,0.045454545454545456,0.9545454545454546
GRAYSON-KY,0.42857142857142855,0.5714285714285714
CARROLL-KY,0.1111111111111111,0.8888888888888888
SUMMERS-WV,0.16666666666666666,0.8333333333333334
WOODFORD-IL,0.13043478260869565,0.8695652173913043
GEAUGA-OH,0.6666666666666666,0.3333333333333333
DAVIDSON-TN,0.23394495412844038,0.7660550458715596
RUTLAND-VT,0.2,0.8
RIO GRANDE-CO,0.07692307692307693,0.9230769230769231
GRANT-SD,0.1,0.9
SCOTT-IN,0.1,0.9
THURSTON-NE,0.09090909090909091,0.9090909090909091
MERCER-WV,0.03333333333333333,0.9666666666666667
SAN BERNARDINO-CA,0.13117283950617284,0.8688271604938271
COAHOMA-MS,0.16666666666666666,0.8333333333333334
DARLINGTON-SC,0.20689655172413793,0.7931034482758621
YAMHILL-OR,0.19047619047619047,0.8095238095238095
PLYMOUTH-IA,0.1111111111111111,0.8888888888888888
BERRIEN-MI,0.15789473684210525,0.8421052631578947
CUMBERLAND-NJ,0.09375,0.90625
LEE-AL,0.1590909090909091,0.8409090909090909
CLAY-SD,0.16666666666666666,0.8333333333333334
KEITH-NE,0.3333333333333333,0.6666666666666666
JOHNSON-NE,0.14285714285714285,0.8571428571428571
HARDIN-KY,0.07692307692307693,0.9230769230769231
CHAMPAIGN-OH,0.10526315789473684,0.8947368421052632
JACKSON-OK,0.047619047619047616,0.9523809523809523
LASSEN-CA,0.10714285714285714,0.8928571428571429
CLAIBORNE-TN,0.25,0.75
POLK-NE,0.08333333333333333,0.9166666666666666
MONROE-NY,0.18859649122807018,0.8114035087719298
COLUMBIA-GA,0.15789473684210525,0.8421052631578947
MAHONING-OH,0.14772727272727273,0.8522727272727273
HARRISON-MO,0.07142857142857142,0.9285714285714286
ASHLAND-WI,0.0625,0.9375
RUSK-WI,0.18181818181818182,0.8181818181818182
TALLAPOOSA-AL,0.08333333333333333,0.9166666666666666
NICOLLET-MN,0.20689655172413793,0.7931034482758621
SUSQUEHANNA-PA,0.0625,0.9375
KANAWHA-WV,0.11392405063291139,0.8860759493670886
GARFIELD-UT,0.1,0.9
COCKE-TN,0.07692307692307693,0.9230769230769231
ROUTT-CO,0.11764705882352941,0.8823529411764706
WAUPACA-WI,0.24324324324324326,0.7567567567567568
BENTON-IA,0.07692307692307693,0.9230769230769231
ANTRIM-MI,0.07142857142857142,0.9285714285714286
PENNINGTON-MN,0.25,0.75
KNOX-IN,0.2,0.8
LAKE-IL,0.21755725190839695,0.7824427480916031
DAWSON-MT,0.09090909090909091,0.9090909090909091
YELLOWSTONE-MT,0.1506849315068493,0.8493150684931506
GREENE-MO,0.14814814814814814,0.8518518518518519
NEWAYGO-MI,0.1,0.9
AUTAUGA-AL,0.2857142857142857,0.7142857142857143
KLICKITAT-WA,0.12,0.88
WOLFE-KY,0.125,0.875
HUNTINGDON-PA,0.24,0.76
YATES-NY,0.6666666666666666,0.3333333333333333
OTSEGO-NY,0.18518518518518517,0.8148148148148148
WASHINGTON-OH,0.14814814814814814,0.8518518518518519
CRAWFORD-WI,0.16666666666666666,0.8333333333333334
POTTAWATOMIE-KS,0.07692307692307693,0.9230769230769231
ITASCA-MN,0.10344827586206896,0.896551724137931
CLAY-KY,0.25,0.75
FOREST-PA,0.3333333333333333,0.6666666666666666
CARBON-PA,0.15384615384615385,0.8461538461538461
WARREN-IL,0.08333333333333333,0.9166666666666666
LITCHFIELD-CT,0.20202020202020202,0.797979797979798
HALL-GA,0.14285714285714285,0.8571428571428571
GALLIA-OH,0.06666666666666667,0.9333333333333333
LAWRENCE-TN,0.42857142857142855,0.5714285714285714
HILLSBOROUGH-NH,0.3582887700534759,0.6417112299465241
BRISTOL-RI,0.3684210526315789,0.631578947368421
COLUSA-CA,0.043478260869565216,0.9565217391304348
DORCHESTER-SC,0.16216216216216217,0.8378378378378378
FRANKLIN-WA,0.1,0.9
CLARK-OH,0.13793103448275862,0.8620689655172413
GARFIELD-OK,0.10526315789473684,0.8947368421052632
WINDHAM-VT,0.3170731707317073,0.6829268292682927
RICHLAND-SC,0.20454545454545456,0.7954545454545454
CALUMET-WI,0.21428571428571427,0.7857142857142857
CLINTON-IN,0.08333333333333333,0.9166666666666666
FULTON-IN,0.125,0.875
CLALLAM-WA,0.11764705882352941,0.8823529411764706
LINCOLN-KY,0.09090909090909091,0.9090909090909091
WYOMING-NY,0.1875,0.8125
HINDS-MS,0.19642857142857142,0.8035714285714286
WASHINGTON-OR,0.281767955801105,0.7182320441988951
CURRY-OR,0.125,0.875
WINNESHIEK-IA,0.25,0.75
DAVIESS-IN,0.6333333333333333,0.36666666666666664
KINGS-NY,0.2832080200501253,0.7167919799498746
BARTOW-GA,0.17857142857142858,0.8214285714285714
COBB-GA,0.29775280898876405,0.702247191011236
NYE-NV,0.06451612903225806,0.9354838709677419
RIO ARRIBA-NM,0.058823529411764705,0.9411764705882353
CHARLEVOIX-MI,0.058823529411764705,0.9411764705882353
BANNOCK-ID,0.07894736842105263,0.9210526315789473
GLOUCESTER-NJ,0.18095238095238095,0.819047619047619
BALDWIN-AL,0.16363636363636364,0.8363636363636363
CONWAY-AR,0.08333333333333333,0.9166666666666666
FLOYD-IN,0.19047619047619047,0.8095238095238095
CLAY-IN,0.16666666666666666,0.8333333333333334
GAGE-NE,0.125,0.875
THAYER-NE,0.1111111111111111,0.8888888888888888
HOWARD-MO,0.125,0.875
OSAGE-MO,0.5,0.5
GREENWOOD-SC,0.125,0.875
EVANS-GA,0.16666666666666666,0.8333333333333334
PORTAGE-OH,0.07142857142857142,0.9285714285714286
SCIOTO-OH,0.05714285714285714,0.9428571428571428
STONE-MS,0.2,0.8
HENRY-MO,0.15789473684210525,0.8421052631578947
MORGAN-MO,0.25,0.75
STEVENS-KS,0.14285714285714285,0.8571428571428571
NESS-KS,0.16666666666666666,0.8333333333333334
LINN-IA,0.15384615384615385,0.8461538461538461
BLOUNT-AL,0.09090909090909091,0.9090909090909091
COTTONWOOD-MN,0.07692307692307693,0.9230769230769231
MINNEHAHA-SD,0.1511627906976744,0.8488372093023255
LINCOLN-WA,0.0625,0.9375
PEACH-GA,0.14285714285714285,0.8571428571428571
YOLO-CA,0.14473684210526316,0.8552631578947368
PLUMAS-CA,0.11764705882352941,0.8823529411764706
ATTALA-MS,0.08333333333333333,0.9166666666666666
LOWNDES-MS,0.125,0.875
PEPIN-WI,0.42857142857142855,0.5714285714285714
MIAMI-DADE-FL,0.41952789699570814,0.5804721030042919
DIXIE-FL,0.08333333333333333,0.9166666666666666
MARSHALL-KS,0.1,0.9
DEKALB-IN,0.125,0.875
PHELPS-NE,0.1111111111111111,0.8888888888888888
SAN JUAN-UT,0.13333333333333333,0.8666666666666667
COLUMBIANA-OH,0.09523809523809523,0.9047619047619048
HENDERSON-TN,0.15384615384615385,0.8461538461538461
POLK-IA,0.12751677852348994,0.87248322147651
BOONE-IA,0.16666666666666666,0.8333333333333334
PALO ALTO-IA,0.09090909090909091,0.9090909090909091
VALLEY-ID,0.2,0.8
HOWARD-IN,0.18181818181818182,0.8181818181818182
CALLOWAY-KY,0.07142857142857142,0.9285714285714286
DUTCHESS-NY,0.2524271844660194,0.7475728155339806
BUTTS-GA,0.16666666666666666,0.8333333333333334
NODAWAY-MO,0.10526315789473684,0.8947368421052632
DELTA-MI,0.1,0.9
DICKINSON-MI,0.16666666666666666,0.8333333333333334
PASSAIC-NJ,0.215,0.785
DUBOIS-IN,0.1,0.9
ANTELOPE-NE,0.11764705882352941,0.8823529411764706
BRACKEN-KY,0.2,0.8
GILMER-GA,0.25,0.75
BALDWIN-GA,0.15384615384615385,0.8461538461538461
SCREVEN-GA,0.25,0.75
PIKE-OH,0.11764705882352941,0.8823529411764706
OGEMAW-MI,0.16666666666666666,0.8333333333333334
KOOTENAI-ID,0.2727272727272727,0.7272727272727273
TALLADEGA-AL,0.06451612903225806,0.9354838709677419
SEBASTIAN-AR,0.17647058823529413,0.8235294117647058
PIKE-PA,0.06666666666666667,0.9333333333333333
JASPER-GA,0.3333333333333333,0.6666666666666666
GREENE-TN,0.17857142857142858,0.8214285714285714
DOUGLAS-MO,0.16666666666666666,0.8333333333333334
COCHISE-AZ,0.03488372093023256,0.9651162790697675
BAY-FL,0.11666666666666667,0.8833333333333333
JEFFERSON-AL,0.2311111111111111,0.7688888888888888
HUGHES-SD,0.125,0.875
CRITTENDEN-AR,0.09090909090909091,0.9090909090909091
FRANKLIN-IN,0.2222222222222222,0.7777777777777778
LANCASTER-NE,0.23275862068965517,0.7672413793103449
ADAMS-WA,0.0625,0.9375
MONTGOMERY-PA,0.46258503401360546,0.5374149659863946
LOGAN-WV,0.05263157894736842,0.9473684210526315
KINGFISHER-OK,0.10526315789473684,0.8947368421052632
CHITTENDEN-VT,0.25,0.75
COOS-OR,0.1724137931034483,0.8275862068965517
SHEBOYGAN-WI,0.21875,0.78125
COLUMBIA-WI,0.2391304347826087,0.7608695652173914
RILEY-KS,0.05263157894736842,0.9473684210526315
WASHINGTON-IA,0.06666666666666667,0.9333333333333333
AITKIN-MN,0.09090909090909091,0.9090909090909091
DEARBORN-IN,0.17647058823529413,0.8235294117647058
GIBSON-IN,0.1875,0.8125
DUPAGE-IL,0.25287356321839083,0.7471264367816092
HARALSON-GA,0.09090909090909091,0.9090909090909091
COFFEE-GA,0.14285714285714285,0.8571428571428571
JOHNSON-MO,0.04,0.96
JEFFERSON-CO,0.15270935960591134,0.8472906403940886
HOLMES-FL,0.07692307692307693,0.9230769230769231
ST. JOHNS-FL,0.20833333333333334,0.7916666666666666
WASHINGTON-KS,0.2,0.8
ALGER-MI,0.14285714285714285,0.8571428571428571
PINE-MN,0.05263157894736842,0.9473684210526315
PARK-WY,0.05555555555555555,0.9444444444444444
MERIWETHER-GA,0.1111111111111111,0.8888888888888888
MANITOWOC-WI,0.3404255319148936,0.6595744680851063
MONMOUTH-NJ,0.24302788844621515,0.7569721115537849
WARD-ND,0.07692307692307693,0.9230769230769231
CRAWFORD-PA,0.5806451612903226,0.41935483870967744
JO DAVIESS-IL,0.09523809523809523,0.9047619047619048
RICHMOND-NY,0.3017241379310345,0.6982758620689655
SENECA-NY,0.15384615384615385,0.8461538461538461
MUSCOGEE-GA,0.16417910447761194,0.835820895522388
KNOX-OH,0.12,0.88
MARIN-CA,0.30434782608695654,0.6956521739130435
UNION-MS,0.1,0.9
GREEN LAKE-WI,0.375,0.625
TAYLOR-KY,0.18181818181818182,0.8181818181818182
WASHINGTON-IL,0.3333333333333333,0.6666666666666666
BLACK HAWK-IA,0.20454545454545456,0.7954545454545454
LEE-IA,0.25,0.75
ADAMS-OH,0.1,0.9
RANDOLPH-MO,0.11764705882352941,0.8823529411764706
FILLMORE-MN,0.15,0.85
CHAMPAIGN-IL,0.21794871794871795,0.782051282051282
LINCOLN-MT,0.2631578947368421,0.7368421052631579
HENRY-GA,0.21875,0.78125
ALAMEDA-CA,0.23032629558541268,0.7696737044145874
NESHOBA-MS,0.08333333333333333,0.9166666666666666
VILAS-WI,0.13333333333333333,0.8666666666666667
NEOSHO-KS,0.16666666666666666,0.8333333333333334
WYANDOTTE-KS,0.12162162162162163,0.8783783783783784
LYON-IA,0.23076923076923078,0.7692307692307693
ALLEGAN-MI,0.13636363636363635,0.8636363636363636
FOUNTAIN-IN,0.125,0.875
HAMPSHIRE-MA,0.18333333333333332,0.8166666666666667
JOHNSON-TN,0.125,0.875
DELTA-CO,0.1,0.9
NASSAU-FL,0.12,0.88
LEVY-FL,0.15789473684210525,0.8421052631578947
SIBLEY-MN,0.25,0.75
ROCKLAND-NY,0.42735042735042733,0.5726495726495726
WAKULLA-FL,0.17647058823529413,0.8235294117647058
LIVINGSTON-MI,0.12962962962962962,0.8703703703703703
KNOX-NE,0.11764705882352941,0.8823529411764706
BUFFALO-NE,0.1,0.9
SEVIER-UT,0.11764705882352941,0.8823529411764706
DECATUR-GA,0.1,0.9
RACINE-WI,0.25,0.75
LYON-KS,0.11764705882352941,0.8823529411764706
BELTRAMI-MN,0.09523809523809523,0.9047619047619048
WILL-IL,0.2139917695473251,0.7860082304526749
MARION-IL,0.0967741935483871,0.9032258064516129
ADAIR-OK,0.1,0.9
TUNICA-MS,0.125,0.875
GARFIELD-CO,0.15625,0.84375
TAYLOR-FL,0.15384615384615385,0.8461538461538461
CEDAR-IA,0.07142857142857142,0.9285714285714286
MECOSTA-MI,0.05263157894736842,0.9473684210526315
GLADWIN-MI,0.36363636363636365,0.6363636363636364
MERCER-NJ,0.22857142857142856,0.7714285714285715
SALINE-AR,0.0967741935483871,0.9032258064516129
JENNINGS-IN,0.2,0.8
CHERRY-NE,0.08333333333333333,0.9166666666666666
JEFFERSON-NE,0.1111111111111111,0.8888888888888888
SHELBY-KY,0.0625,0.9375
LYCOMING-PA,0.3111111111111111,0.6888888888888889
BRAXTON-WV,0.2,0.8
GILMER-WV,0.25,0.75
ASHLAND-OH,0.2,0.8
WAYNE-OH,0.6283185840707964,0.37168141592920356
CHEATHAM-TN,0.13333333333333333,0.8666666666666667
EAU CLAIRE-WI,0.2653061224489796,0.7346938775510204
SULLIVAN-NH,0.21212121212121213,0.7878787878787878
SUMNER-KS,0.09090909090909091,0.9090909090909091
WASHTENAW-MI,0.18115942028985507,0.8188405797101449
LAPEER-MI,0.08823529411764706,0.9117647058823529
STARK-ND,0.2222222222222222,0.7777777777777778
BIBB-AL,0.1,0.9
BEAVER-PA,0.14754098360655737,0.8524590163934426
HIGHLAND-OH,0.1,0.9
WALWORTH-WI,0.25,0.75
SAWYER-WI,0.14285714285714285,0.8571428571428571
PARKE-IN,0.5333333333333333,0.4666666666666667
PIERCE-NE,0.3333333333333333,0.6666666666666666
PIKE-IL,0.07692307692307693,0.9230769230769231
GWINNETT-GA,0.24210526315789474,0.7578947368421053
BROWN-OH,0.10526315789473684,0.8947368421052632
COOPER-MO,0.15789473684210525,0.8421052631578947
GOGEBIC-MI,0.2222222222222222,0.7777777777777778
BURLINGTON-NJ,0.1787709497206704,0.8212290502793296
PIERCE-ND,0.16666666666666666,0.8333333333333334
LINCOLN-SD,0.13043478260869565,0.8695652173913043
MARION-WV,0.08,0.92
RICHLAND-MT,0.058823529411764705,0.9411764705882353
DAVIS-UT,0.07627118644067797,0.923728813559322
GRADY-OK,0.02857142857142857,0.9714285714285714
DYER-TN,0.2,0.8
SHELBY-MO,0.2222222222222222,0.7777777777777778
LAKE-CO,0.16666666666666666,0.8333333333333334
OCONEE-SC,0.2916666666666667,0.7083333333333334
COLUMBIA-OR,0.12,0.88
VERNON-WI,0.2413793103448276,0.7586206896551724
MCKINLEY-NM,0.08064516129032258,0.9193548387096774
BREMER-IA,0.09523809523809523,0.9047619047619048
CLAYTON-IA,0.08333333333333333,0.9166666666666666
GENESEE-MI,0.10227272727272728,0.8977272727272727
ROCK-MN,0.2222222222222222,0.7777777777777778
GREENE-IL,0.125,0.875
LAURENS-GA,0.13333333333333333,0.8666666666666667
CONTRA COSTA-CA,0.24383561643835616,0.7561643835616438
AMADOR-CA,0.10526315789473684,0.8947368421052632
PEARL RIVER-MS,0.16,0.84
MADISON-TN,0.29411764705882354,0.7058823529411765
EDGEFIELD-SC,0.08333333333333333,0.9166666666666666
ESCAMBIA-AL,0.15789473684210525,0.8421052631578947
STEVENS-MN,0.125,0.875
OKANOGAN-WA,0.1282051282051282,0.8717948717948718
MONROE-PA,0.2564102564102564,0.7435897435897436
MACON-IL,0.09803921568627451,0.9019607843137255
CALAVERAS-CA,0.043478260869565216,0.9565217391304348
JONES-IA,0.16666666666666666,0.8333333333333334
RENVILLE-MN,0.18181818181818182,0.8181818181818182
WAYNE-NE,0.18181818181818182,0.8181818181818182
WALLA WALLA-WA,0.21621621621621623,0.7837837837837838
SHERIDAN-WY,0.12,0.88
COOK-GA,0.2,0.8
MILWAUKEE-WI,0.30260047281323876,0.6973995271867612
FRANKLIN-KS,0.058823529411764705,0.9411764705882353
BARNES-ND,0.09090909090909091,0.9090909090909091
DEKALB-AL,0.09090909090909091,0.9090909090909091
MARION-IN,0.23423423423423423,0.7657657657657657
CHELAN-WA,0.13333333333333333,0.8666666666666667
MORGAN-IL,0.1,0.9
PULASKI-IL,0.16666666666666666,0.8333333333333334
HERKIMER-NY,0.10714285714285714,0.8928571428571429
MARIPOSA-CA,0.058823529411764705,0.9411764705882353
LEE-MS,0.1951219512195122,0.8048780487804879
APPLING-GA,0.14285714285714285,0.8571428571428571
LAWRENCE-MO,0.15384615384615385,0.8461538461538461
LANE-OR,0.19148936170212766,0.8085106382978723
MAHASKA-IA,0.2222222222222222,0.7777777777777778
MACON-GA,0.5,0.5
BRYAN-OK,0.041666666666666664,0.9583333333333334
RUTHERFORD-TN,0.1917808219178082,0.8082191780821918
FLORENCE-SC,0.19607843137254902,0.803921568627451
ALPENA-MI,0.16666666666666666,0.8333333333333334
PAYETTE-ID,0.07142857142857142,0.9285714285714286
WABASH-IN,0.125,0.875
ANDERSON-KY,0.1111111111111111,0.8888888888888888
GLACIER-MT,0.09523809523809523,0.9047619047619048
COCONINO-AZ,0.06097560975609756,0.9390243902439024
SHELBY-OH,0.08695652173913043,0.9130434782608695
CLEVELAND-OK,0.12345679012345678,0.8765432098765432
BUTTE-CA,0.08411214953271028,0.9158878504672897
LINCOLN-MS,0.14285714285714285,0.8571428571428571
UNION-FL,0.09090909090909091,0.9090909090909091
INGHAM-MI,0.13385826771653545,0.8661417322834646
LAKE-IN,0.18125,0.81875
SAN JUAN-WA,0.2631578947368421,0.7368421052631579
BOYD-KY,0.04,0.96
RICHLAND-IL,0.5,0.5
FULTON-GA,0.3161512027491409,0.6838487972508591
PICKENS-SC,0.13333333333333333,0.8666666666666667
LINN-OR,0.1111111111111111,0.8888888888888888
BINGHAM-ID,0.03125,0.96875
PIKE-AL,0.15384615384615385,0.8461538461538461
BRULE-SD,0.1,0.9
KANE-IL,0.20207253886010362,0.7979274611398963
JEFFERSON-IL,0.038461538461538464,0.9615384615384616
DOUGHERTY-GA,0.1724137931034483,0.8275862068965517
SISKIYOU-CA,0.05454545454545454,0.9454545454545454
PIKE-MO,0.14285714285714285,0.8571428571428571
IOWA-WI,0.058823529411764705,0.9411764705882353
JACKSON-AL,0.07407407407407407,0.9259259259259259
DAVIESS-KY,0.16666666666666666,0.8333333333333334
SARATOGA-NY,0.1935483870967742,0.8064516129032258
AUDRAIN-MO,0.2222222222222222,0.7777777777777778
TODD-SD,0.15384615384615385,0.8461538461538461
GREENUP-KY,0.058823529411764705,0.9411764705882353
NICHOLAS-WV,0.17647058823529413,0.8235294117647058
LORAIN-OH,0.1559633027522936,0.8440366972477065
UNION-OH,0.05263157894736842,0.9473684210526315
WINSTON-MS,0.2222222222222222,0.7777777777777778
WALLOWA-OR,0.125,0.875
LIMESTONE-AL,0.10344827586206896,0.896551724137931
OGLE-IL,0.06896551724137931,0.9310344827586207
LASALLE-IL,0.13559322033898305,0.864406779661017
NEW LONDON-CT,0.13076923076923078,0.8692307692307693
TOLLAND-CT,0.058823529411764705,0.9411764705882353
BIBB-GA,0.25,0.75
POTTAWATOMIE-OK,0.05263157894736842,0.9473684210526315
CLAY-MS,0.1,0.9
SEQUATCHIE-TN,0.25,0.75
WARREN-MO,0.26666666666666666,0.7333333333333333
FREMONT-CO,0.11764705882352941,0.8823529411764706
CHESTER-SC,0.07692307692307693,0.9230769230769231
OKALOOSA-FL,0.10526315789473684,0.8947368421052632
JEFFERSON-IA,0.1111111111111111,0.8888888888888888
SHELBY-AL,0.22033898305084745,0.7796610169491526
MIFFLIN-PA,0.7441860465116279,0.2558139534883721
ALBANY-NY,0.2621359223300971,0.7378640776699029
SEVIER-TN,0.15151515151515152,0.8484848484848485
BERNALILLO-NM,0.18972332015810275,0.8102766798418972
PERRY-IN,0.16666666666666666,0.8333333333333334
VALLEY-NE,0.16666666666666666,0.8333333333333334
MOULTRIE-IL,0.125,0.875
SENECA-OH,0.047619047619047616,0.9523809523809523
FENTRESS-TN,0.14285714285714285,0.8571428571428571
MORGAN-CO,0.14285714285714285,0.8571428571428571
MCPHERSON-KS,0.1,0.9
BUTLER-KS,0.044444444444444446,0.9555555555555556
DECATUR-IA,0.125,0.875
IDAHO-ID,0.18181818181818182,0.8181818181818182
PENNINGTON-SD,0.20754716981132076,0.7924528301886793
KITTITAS-WA,0.09523809523809523,0.9047619047619048
JACKSON-OH,0.14285714285714285,0.8571428571428571
MUSKOGEE-OK,0.07317073170731707,0.926829268292683
LOUDON-TN,0.14285714285714285,0.8571428571428571
VERNON-MO,0.125,0.875
KOSSUTH-IA,0.18181818181818182,0.8181818181818182
LONOKE-AR,0.04,0.96
PROVIDENCE-RI,0.20318725099601595,0.796812749003984
RANDOLPH-WV,0.21739130434782608,0.782608695652174
CLINTON-IL,0.17391304347826086,0.8260869565217391
BROOME-NY,0.15873015873015872,0.8412698412698413
MONROE-TN,0.1111111111111111,0.8888888888888888
EAGLE-CO,0.17857142857142858,0.8214285714285714
ADAMS-CO,0.09659090909090909,0.9034090909090909
JASPER-IA,0.05263157894736842,0.9473684210526315
HENDRICKS-IN,0.044444444444444446,0.9555555555555556
LEHIGH-PA,0.2975206611570248,0.7024793388429752
OKLAHOMA-OK,0.11721611721611722,0.8827838827838828
SANTA BARBARA-CA,0.18421052631578946,0.8157894736842105
LAUDERDALE-MS,0.10344827586206896,0.896551724137931
CAPE GIRARDEAU-MO,0.22857142857142856,0.7714285714285715
TAZEWELL-IL,0.13636363636363635,0.8636363636363636
ALLEN-OH,0.2,0.8
COMANCHE-OK,0.058823529411764705,0.9411764705882353
POWESHIEK-IA,0.09090909090909091,0.9090909090909091
CLINTON-MI,0.12121212121212122,0.8787878787878788
GRAND FORKS-ND,0.08571428571428572,0.9142857142857143
TUSCALOOSA-AL,0.12121212121212122,0.8787878787878788
KITSAP-WA,0.20408163265306123,0.7959183673469388
WASHINGTON-RI,0.1702127659574468,0.8297872340425532
SCHUYLKILL-PA,0.20833333333333334,0.7916666666666666
SONOMA-CA,0.1415525114155251,0.8584474885844748
ELLIS-KS,0.2857142857142857,0.7142857142857143
CRAWFORD-KS,0.1111111111111111,0.8888888888888888
RAMSEY-MN,0.14473684210526316,0.8552631578947368
QUEENS-NY,0.249500998003992,0.7504990019960079
WASHINGTON-VT,0.25,0.75
WASCO-OR,0.15384615384615385,0.8461538461538461
JACKSON-WI,0.07692307692307693,0.9230769230769231
SEWARD-KS,0.058823529411764705,0.9411764705882353
LOWNDES-AL,0.1111111111111111,0.8888888888888888
DAVISON-SD,0.13333333333333333,0.8666666666666667
HOT SPRINGS-WY,0.2,0.8
HARRISON-KY,0.1111111111111111,0.8888888888888888
CATTARAUGUS-NY,0.3695652173913043,0.6304347826086957
LUCAS-OH,0.16279069767441862,0.8372093023255814
PALM BEACH-FL,0.2572944297082228,0.7427055702917772
CASS-MI,0.043478260869565216,0.9565217391304348
LAKE-SD,0.10526315789473684,0.8947368421052632
CHEROKEE-GA,0.2692307692307692,0.7307692307692307
CUYAHOGA-OH,0.21666666666666667,0.7833333333333333
ABBEVILLE-SC,0.23076923076923078,0.7692307692307693
APACHE-AZ,0.046875,0.953125
SUWANNEE-FL,0.2777777777777778,0.7222222222222222
MOWER-MN,0.0625,0.9375
OLDHAM-KY,0.08695652173913043,0.9130434782608695
MACOUPIN-IL,0.03333333333333333,0.9666666666666667
DOUGLAS-IL,0.35294117647058826,0.6470588235294118
TIOGA-NY,0.09090909090909091,0.9090909090909091
WAYNE-GA,0.1111111111111111,0.8888888888888888
RIPLEY-MO,0.09090909090909091,0.9090909090909091
TAYLOR-WI,0.2857142857142857,0.7142857142857143
INDIAN RIVER-FL,0.21621621621621623,0.7837837837837838
SANILAC-MI,0.08,0.92
LATAH-ID,0.13636363636363635,0.8636363636363636
BUTLER-AL,0.125,0.875
MADISON-NE,0.30303030303030304,0.696969696969697
LEWIS-WA,0.0425531914893617,0.9574468085106383
SWEETWATER-WY,0.06451612903225806,0.9354838709677419
ERIE-PA,0.2268041237113402,0.7731958762886598
ONEIDA-NY,0.06097560975609756,0.9390243902439024
CHENANGO-NY,0.08,0.92
SUSSEX-DE,0.18032786885245902,0.819672131147541
BELMONT-OH,0.23333333333333334,0.7666666666666667
FAYETTE-TN,0.3,0.7
LINN-MO,0.13333333333333333,0.8666666666666667
PULASKI-MO,0.08695652173913043,0.9130434782608695
ORANGE-VT,0.125,0.875
LAKE-OR,0.1111111111111111,0.8888888888888888
WOOD-WI,0.2708333333333333,0.7291666666666666
CITRUS-FL,0.12903225806451613,0.8709677419354839
POTTAWATTAMIE-IA,0.08333333333333333,0.9166666666666666
FLOYD-IA,0.1111111111111111,0.8888888888888888
MASON-WA,0.08695652173913043,0.9130434782608695
MERCER-PA,0.42028985507246375,0.5797101449275363
HART-GA,0.2857142857142857,0.7142857142857143
SIERRA-NM,0.16666666666666666,0.8333333333333334
LOS ALAMOS-NM,0.2,0.8
FINNEY-KS,0.125,0.875
WALKER-AL,0.038461538461538464,0.9615384615384616
GRANT-WA,0.08196721311475409,0.9180327868852459
LEWIS-WV,0.14285714285714285,0.8571428571428571
PUTNAM-NY,0.18518518518518517,0.8148148148148148
OTTAWA-OH,0.2,0.8
LAWRENCE-OH,0.07407407407407407,0.9259259259259259
SUNFLOWER-MS,0.11764705882352941,0.8823529411764706
COLE-MO,0.34146341463414637,0.6585365853658537
BARRY-MI,0.125,0.875
BLAINE-ID,0.18181818181818182,0.8181818181818182
DAKOTA-MN,0.15568862275449102,0.844311377245509
VERMILION-IL,0.06976744186046512,0.9302325581395349
BOLIVAR-MS,0.07142857142857142,0.9285714285714286
MOFFAT-CO,0.1111111111111111,0.8888888888888888
CHAMBERS-AL,0.2222222222222222,0.7777777777777778
WORCESTER-MA,0.1861198738170347,0.8138801261829653
ROWAN-KY,0.21428571428571427,0.7857142857142857
GRAND-UT,0.16666666666666666,0.8333333333333334
CHOCTAW-MS,0.16666666666666666,0.8333333333333334
WARREN-TN,0.3125,0.6875
JACKSON-FL,0.041666666666666664,0.9583333333333334
GRANT-ND,0.25,0.75
MONROE-AL,0.1,0.9
PIERCE-WA,0.11356466876971609,0.886435331230284
JEFFERSON-NY,0.07142857142857142,0.9285714285714286
WOODWARD-OK,0.07142857142857142,0.9285714285714286
BROWN-WI,0.21904761904761905,0.780952380952381
MONROE-FL,0.1724137931034483,0.8275862068965517
DUVAL-FL,0.34036144578313254,0.6596385542168675
COLUMBIA-AR,0.1,0.9
SPALDING-GA,0.14285714285714285,0.8571428571428571
OSAGE-OK,0.029411764705882353,0.9705882352941176
CUMBERLAND-TN,0.2,0.8
ALAMOSA-CO,0.14285714285714285,0.8571428571428571
MARINETTE-WI,0.2,0.8
STRAFFORD-NH,0.25,0.75
LAFAYETTE-FL,0.125,0.875
GRANT-IN,0.07142857142857142,0.9285714285714286
LAWRENCE-PA,0.2777777777777778,0.7222222222222222
PERRY-IL,0.14285714285714285,0.8571428571428571
HANCOCK-GA,0.25,0.75
ASHTABULA-OH,0.41818181818181815,0.5818181818181818
HENDRY-FL,0.09090909090909091,0.9090909090909091
EDDY-NM,0.037037037037037035,0.9629629629629629
WARREN-IA,0.13636363636363635,0.8636363636363636
BEADLE-SD,0.0625,0.9375
SAUNDERS-NE,0.09523809523809523,0.9047619047619048
WARREN-OH,0.2459016393442623,0.7540983606557377
WRIGHT-MO,0.21052631578947367,0.7894736842105263
ST. LUCIE-FL,0.3116883116883117,0.6883116883116883
MACON-AL,0.125,0.875
HENRY-AL,0.14285714285714285,0.8571428571428571
FLOYD-KY,0.08695652173913043,0.9130434782608695
JUNIATA-PA,0.5925925925925926,0.4074074074074074
MCHENRY-IL,0.15841584158415842,0.8415841584158416
ONONDAGA-NY,0.16778523489932887,0.8322147651006712
PIKE-GA,0.375,0.625
TEHAMA-CA,0.0625,0.9375
CHAFFEE-CO,0.15384615384615385,0.8461538461538461
FAIRFIELD-SC,0.18181818181818182,0.8181818181818182
MARQUETTE-WI,0.16666666666666666,0.8333333333333334
HILLSDALE-MI,0.19444444444444445,0.8055555555555556
CLEBURNE-AR,0.1,0.9
BUCKS-PA,0.4084507042253521,0.5915492957746479
MADISON-NY,0.07407407407407407,0.9259259259259259
CLINTON-NY,0.0967741935483871,0.9032258064516129
DEFIANCE-OH,0.06666666666666667,0.9333333333333333
EL PASO-CO,0.09803921568627451,0.9019607843137255
PARK-CO,0.1111111111111111,0.8888888888888888
WELD-CO,0.06542056074766354,0.9345794392523364
UMATILLA-OR,0.10526315789473684,0.8947368421052632
MARTIN-FL,0.17391304347826086,0.8260869565217391
O'BRIEN-IA,0.3333333333333333,0.6666666666666666
MASON-MI,0.10526315789473684,0.8947368421052632
WILKIN-MN,0.1111111111111111,0.8888888888888888
CHEMUNG-NY,0.1724137931034483,0.8275862068965517
MILLER-MO,0.058823529411764705,0.9411764705882353
GRUNDY-MO,0.125,0.875
MAUI-HI,0.32653061224489793,0.673469387755102
PUEBLO-CO,0.1111111111111111,0.8888888888888888
CALHOUN-SC,0.4,0.6
SEMINOLE-FL,0.38095238095238093,0.6190476190476191
COLUMBIA-FL,0.3333333333333333,0.6666666666666666
NEZ PERCE-ID,0.21739130434782608,0.782608695652174
PERRY-AL,0.3333333333333333,0.6666666666666666
DODGE-MN,0.2,0.8
KING-WA,0.27399165507649514,0.7260083449235049
SCOTT-KY,0.19047619047619047,0.8095238095238095
COOK-IL,0.24203133441383037,0.7579686655861696
RABUN-GA,0.2,0.8
MONITEAU-MO,0.23076923076923078,0.7692307692307693
KAUAI-HI,0.19230769230769232,0.8076923076923077
MONROE-WI,0.25,0.75
ROCK-WI,0.14666666666666667,0.8533333333333334
RICHLAND-ND,0.05263157894736842,0.9473684210526315
ADAMS-IN,0.7872340425531915,0.2127659574468085
PLYMOUTH-MA,0.1524390243902439,0.8475609756097561
COLUMBIA-NY,0.16,0.84
MERCER-OH,0.043478260869565216,0.9565217391304348
CHURCHILL-NV,0.2,0.8
DOUGLAS-NV,0.25,0.75
LAFAYETTE-MS,0.17647058823529413,0.8235294117647058
FRANKLIN-TN,0.2,0.8
NEWTON-MO,0.04,0.96
CHRISTIAN-MO,0.03125,0.96875
CLARK-MO,0.16666666666666666,0.8333333333333334
LAURENS-SC,0.058823529411764705,0.9411764705882353
BOX BUTTE-NE,0.2222222222222222,0.7777777777777778
BRECKINRIDGE-KY,0.16666666666666666,0.8333333333333334
JEFFERSON-GA,0.25,0.75
FRANKLIN-VT,0.043478260869565216,0.9565217391304348
TELLER-CO,0.125,0.875
KENOSHA-WI,0.15625,0.84375
GARLAND-AR,0.17647058823529413,0.8235294117647058
CLAY-WV,0.14285714285714285,0.8571428571428571
HAMPSHIRE-WV,0.06666666666666667,0.9333333333333333
NEW CASTLE-DE,0.2925531914893617,0.7074468085106383
FRANKLIN-OH,0.17218543046357615,0.8278145695364238
WARREN-MS,0.14285714285714285,0.8571428571428571
DODGE-WI,0.2982456140350877,0.7017543859649122
SARASOTA-FL,0.3404255319148936,0.6595744680851063
MIDLAND-MI,0.16666666666666666,0.8333333333333334
LENAWEE-MI,0.08196721311475409,0.9180327868852459
CANYON-ID,0.10344827586206896,0.896551724137931
MOBILE-AL,0.26277372262773724,0.7372262773722628
MAHNOMEN-MN,0.1111111111111111,0.8888888888888888
SALINE-NE,0.14285714285714285,0.8571428571428571
DAUPHIN-PA,0.3706896551724138,0.6293103448275862
FAYETTE-WV,0.20833333333333334,0.7916666666666666
EFFINGHAM-IL,0.19047619047619047,0.8095238095238095
WHITE-GA,0.1111111111111111,0.8888888888888888
MERCER-MO,0.3333333333333333,0.6666666666666666
WINDSOR-VT,0.10810810810810811,0.8918918918918919
KALAMAZOO-MI,0.1206896551724138,0.8793103448275862
SHOSHONE-ID,0.1111111111111111,0.8888888888888888
BONNER-ID,0.2857142857142857,0.7142857142857143
TODD-MN,0.3125,0.6875
WHITE-AR,0.2,0.8
JEFFERSON-PA,0.4838709677419355,0.5161290322580645
WALTON-GA,0.2962962962962963,0.7037037037037037
COPIAH-MS,0.125,0.875
WEBSTER-MO,0.6052631578947368,0.39473684210526316
TREMPEALEAU-WI,0.25806451612903225,0.7419354838709677
UNION-IA,0.25,0.75
CHOCTAW-AL,0.3333333333333333,0.6666666666666666
MEEKER-MN,0.13333333333333333,0.8666666666666667
MASON-KY,0.16666666666666666,0.8333333333333334
PIKE-KY,0.10344827586206896,0.896551724137931
SIMPSON-KY,0.25,0.75
WOOD-WV,0.1388888888888889,0.8611111111111112
CHAUTAUQUA-NY,0.203125,0.796875
OCONEE-GA,0.23076923076923078,0.7692307692307693
SACRAMENTO-CA,0.17204301075268819,0.8279569892473119
CLACKAMAS-OR,0.19148936170212766,0.8085106382978723
OSCEOLA-FL,0.22522522522522523,0.7747747747747747
SHERBURNE-MN,0.06976744186046512,0.9302325581395349
BENTON-MN,0.2631578947368421,0.7368421052631579
DOUGLAS-NE,0.19838056680161945,0.8016194331983806
MONTOUR-PA,0.4,0.6
MONTGOMERY-IL,0.10526315789473684,0.8947368421052632
RICHLAND-OH,0.12727272727272726,0.8727272727272727
HERNANDO-FL,0.24,0.76
RIPLEY-IN,0.2222222222222222,0.7777777777777778
SUMMIT-CO,0.1,0.9
SALUDA-SC,0.25,0.75
LEXINGTON-SC,0.12345679012345678,0.8765432098765432
NAVAJO-AZ,0.09900990099009901,0.900990099009901
FLAGLER-FL,0.25,0.75
WABAUNSEE-KS,0.1111111111111111,0.8888888888888888
KANDIYOHI-MN,0.09090909090909091,0.9090909090909091
CLAY-MN,0.0625,0.9375
PORTER-IN,0.16923076923076924,0.8307692307692308
BUTLER-NE,0.25,0.75
PIATT-IL,0.11764705882352941,0.8823529411764706
CAYUGA-NY,0.25806451612903225,0.7419354838709677
MURRAY-GA,0.21428571428571427,0.7857142857142857
BUTLER-OH,0.18095238095238095,0.819047619047619
FAYETTE-OH,0.125,0.875
MENDOCINO-CA,0.05555555555555555,0.9444444444444444
CALEDONIA-VT,0.43478260869565216,0.5652173913043478
LEON-FL,0.3076923076923077,0.6923076923076923
MONTGOMERY-KS,0.25,0.75
CLAY-IA,0.2222222222222222,0.7777777777777778
VAN BUREN-MI,0.1111111111111111,0.8888888888888888
BULLOCK-AL,0.2,0.8
SKAGIT-WA,0.1206896551724138,0.8793103448275862
GREENBRIER-WV,0.15789473684210525,0.8421052631578947
MISSOULA-MT,0.22641509433962265,0.7735849056603774
BRYAN-GA,0.09090909090909091,0.9090909090909091
SANDUSKY-OH,0.2,0.8
TUOLUMNE-CA,0.11764705882352941,0.8823529411764706
TULARE-CA,0.057692307692307696,0.9423076923076923
MARSHALL-MS,0.15789473684210525,0.8421052631578947
SALINE-MO,0.09523809523809523,0.9047619047619048
DOOR-WI,0.15,0.85
NEMAHA-KS,0.1,0.9
SHELBY-IA,0.125,0.875
HAMILTON-IN,0.26804123711340205,0.7319587628865979
FERRY-WA,0.07692307692307693,0.9230769230769231
MUHLENBERG-KY,0.08333333333333333,0.9166666666666666
PHILADELPHIA-PA,0.28929384965831434,0.7107061503416856
HABERSHAM-GA,0.1875,0.8125
MONTROSE-CO,0.09523809523809523,0.9047619047619048
YORK-SC,0.13333333333333333,0.8666666666666667
ONEIDA-WI,0.1,0.9
VALENCIA-NM,0.0967741935483871,0.9032258064516129
DOUGLAS-KS,0.19444444444444445,0.8055555555555556
ELMORE-ID,0.19047619047619047,0.8095238095238095
GLYNN-GA,0.22727272727272727,0.7727272727272727
HURON-OH,0.2413793103448276,0.7586206896551724
WASHINGTON-OK,0.13043478260869565,0.8695652173913043
JASPER-MS,0.2222222222222222,0.7777777777777778
MONTGOMERY-TN,0.1702127659574468,0.8297872340425532
BERKELEY-SC,0.14285714285714285,0.8571428571428571
POLK-WI,0.037037037037037035,0.9629629629629629
CLARKE-AL,0.09090909090909091,0.9090909090909091
HENDERSON-KY,0.06666666666666667,0.9333333333333333
OSWEGO-NY,0.04878048780487805,0.9512195121951219
WYANDOT-OH,0.18181818181818182,0.8181818181818182
RANKIN-MS,0.14634146341463414,0.8536585365853658
BLEDSOE-TN,0.16666666666666666,0.8333333333333334
KINGMAN-KS,0.1,0.9
POCAHONTAS-IA,0.14285714285714285,0.8571428571428571
BONNEVILLE-ID,0.10909090909090909,0.8909090909090909
OWEN-KY,0.25,0.75
TROUP-GA,0.25,0.75
MUSKINGUM-OH,0.15789473684210525,0.8421052631578947
WASHOE-NV,0.18620689655172415,0.8137931034482758
LOS ANGELES-CA,0.2450657894736842,0.7549342105263158
WAYNE-TN,0.125,0.875
JASPER-MO,0.10909090909090909,0.8909090909090909
MISSAUKEE-MI,0.14285714285714285,0.8571428571428571
HOUSTON-MN,0.15789473684210525,0.8421052631578947
KOSCIUSKO-IN,0.4117647058823529,0.5882352941176471
BERKSHIRE-MA,0.26153846153846155,0.7384615384615385
WHITMAN-WA,0.10344827586206896,0.896551724137931
WESTMORELAND-PA,0.21238938053097345,0.7876106194690266
YUBA-CA,0.025,0.975
DECATUR-TN,0.2,0.8
ADA-ID,0.17857142857142858,0.8214285714285714
GREENE-AL,0.16666666666666666,0.8333333333333334
DECATUR-IN,0.2222222222222222,0.7777777777777778
LINCOLN-NE,0.08333333333333333,0.9166666666666666
NORFOLK-MA,0.2490272373540856,0.7509727626459144
TREUTLEN-GA,0.3333333333333333,0.6666666666666666
WOOD-OH,0.12244897959183673,0.8775510204081632
VINTON-OH,0.16666666666666666,0.8333333333333334
MARION-MS,0.16666666666666666,0.8333333333333334
BEDFORD-TN,0.125,0.875
SPARTANBURG-SC,0.11458333333333333,0.8854166666666666
BAMBERG-SC,0.14285714285714285,0.8571428571428571
BENTON-OR,0.20588235294117646,0.7941176470588235
ESCAMBIA-FL,0.27722772277227725,0.7227722772277227
JOHNSON-IA,0.16666666666666666,0.8333333333333334
NOBLES-MN,0.11764705882352941,0.8823529411764706
GREENE-AR,0.11764705882352941,0.8823529411764706
MONROE-KY,0.14285714285714285,0.8571428571428571
WALKER-GA,0.05263157894736842,0.9473684210526315
DELAWARE-OH,0.19117647058823528,0.8088235294117647
SAN MATEO-CA,0.265625,0.734375
KLAMATH-OR,0.09090909090909091,0.9090909090909091
HOUSTON-AL,0.1388888888888889,0.8611111111111112
NATRONA-WY,0.125,0.875
MORGAN-KY,0.1,0.9
SILVER BOW-MT,0.2,0.8
DAVIESS-MO,0.42105263157894735,0.5789473684210527
LAMOILLE-VT,0.11764705882352941,0.8823529411764706
NEWBERRY-SC,0.06666666666666667,0.9333333333333333
BRADFORD-FL,0.1875,0.8125
DES MOINES-IA,0.15789473684210525,0.8421052631578947
EMMET-MI,0.1111111111111111,0.8888888888888888
JAY-IN,0.3333333333333333,0.6666666666666666
MARION-OH,0.037037037037037035,0.9629629629629629
WEBSTER-MS,0.16666666666666666,0.8333333333333334
BLOUNT-TN,0.18421052631578946,0.8157894736842105
CURRY-NM,0.03571428571428571,0.9642857142857143
DUBUQUE-IA,0.3157894736842105,0.6842105263157895
IONIA-MI,0.11428571428571428,0.8857142857142857
DELAWARE-PA,0.40437158469945356,0.5956284153005464
KENDALL-IL,0.10909090909090909,0.8909090909090909
CARROLL-GA,0.09375,0.90625
HAMILTON-TN,0.30973451327433627,0.6902654867256637
RENO-KS,0.13513513513513514,0.8648648648648649
GEARY-KS,0.0625,0.9375
RUSH-IN,0.3,0.7
IRON-UT,0.09523809523809523,0.9047619047619048
BARROW-GA,0.1111111111111111,0.8888888888888888
LAKE-CA,0.10638297872340426,0.8936170212765957
MONROE-MS,0.07142857142857142,0.9285714285714286
BENNINGTON-VT,0.38461538461538464,0.6153846153846154
SANTA CRUZ-AZ,0.03125,0.96875
SAGINAW-MI,0.1836734693877551,0.8163265306122449
MIDDLESEX-NJ,0.24150943396226415,0.7584905660377359
RUSSELL-AL,0.1,0.9
SOMERSET-PA,0.42,0.58
GRANT-WV,0.375,0.625
KANKAKEE-IL,0.13043478260869565,0.8695652173913043
WAYNE-IL,0.07692307692307693,0.9230769230769231
TOMPKINS-NY,0.13157894736842105,0.868421052631579
GLADES-FL,0.08333333333333333,0.9166666666666666
CARROLL-IA,0.09090909090909091,0.9090909090909091
HANCOCK-IA,0.16666666666666666,0.8333333333333334
LOGAN-AR,0.15384615384615385,0.8461538461538461
ST. FRANCIS-AR,0.08333333333333333,0.9166666666666666
ESSEX-MA,0.2112676056338028,0.7887323943661971
LEBANON-PA,0.2708333333333333,0.7291666666666666
FERGUS-MT,0.07692307692307693,0.9230769230769231
MONROE-GA,0.14285714285714285,0.8571428571428571
HENRY-TN,0.1,0.9
BENTON-MO,0.21428571428571427,0.7857142857142857
NEW MADRID-MO,0.07142857142857142,0.9285714285714286
HENRY-IA,0.07692307692307693,0.9230769230769231
RANDOLPH-IN,0.07142857142857142,0.9285714285714286
HOLT-NE,0.13333333333333333,0.8666666666666667
BARNSTABLE-MA,0.23880597014925373,0.7611940298507462
CASEY-KY,0.3333333333333333,0.6666666666666666
LANCASTER-PA,0.6383647798742138,0.36163522012578614
BARBOUR-WV,0.1,0.9
WESTCHESTER-NY,0.24629080118694363,0.7537091988130564
TOOELE-UT,0.0625,0.9375
SUMTER-GA,0.1111111111111111,0.8888888888888888
CHESTER-TN,0.14285714285714285,0.8571428571428571
POLK-FL,0.215311004784689,0.784688995215311
OTTER TAIL-MN,0.15,0.85
CLINTON-PA,0.625,0.375
MONONGALIA-WV,0.2962962962962963,0.7037037037037037
SULLIVAN-NY,0.2692307692307692,0.7307692307692307
CLERMONT-OH,0.19672131147540983,0.8032786885245902
CHOCTAW-OK,0.07142857142857142,0.9285714285714286
DUNKLIN-MO,0.08695652173913043,0.9130434782608695
ROCKINGHAM-NH,0.248,0.752
HARDEE-FL,0.14285714285714285,0.8571428571428571
FREEBORN-MN,0.10526315789473684,0.8947368421052632
BLAIR-PA,0.36,0.64
FORD-IL,0.1,0.9
LIVINGSTON-NY,0.08,0.92
NEWTON-GA,0.08,0.92
SAN JOAQUIN-CA,0.1037037037037037,0.8962962962962963
EL DORADO-CA,0.11842105263157894,0.881578947368421
TATE-MS,0.09090909090909091,0.9090909090909091
MARION-FL,0.29591836734693877,0.7040816326530612
JACKSON-IA,0.16666666666666666,0.8333333333333334
IOSCO-MI,0.2,0.8
BECKER-MN,0.09523809523809523,0.9047619047619048
LOGAN-KY,0.23076923076923078,0.7692307692307693
MILLARD-UT,0.09090909090909091,0.9090909090909091
MORROW-OH,0.07142857142857142,0.9285714285714286
ALCORN-MS,0.07142857142857142,0.9285714285714286
HAMBLEN-TN,0.21739130434782608,0.782608695652174
MACON-MO,0.125,0.875
LEE-FL,0.21739130434782608,0.782608695652174
MACOMB-MI,0.10996563573883161,0.8900343642611683
CRENSHAW-AL,0.2,0.8
MILLER-AR,0.058823529411764705,0.9411764705882353
GREENE-PA,0.125,0.875
CAMDEN-GA,0.2,0.8
ROCKDALE-GA,0.125,0.875
LOGAN-OH,0.07142857142857142,0.9285714285714286
ROGERS-OK,0.08108108108108109,0.918918918918919
SHASTA-CA,0.0782608695652174,0.9217391304347826
LAMAR-MS,0.25,0.75
WHITE-TN,0.18181818181818182,0.8181818181818182
PERRY-TN,0.3333333333333333,0.6666666666666666
MANISTEE-MI,0.11764705882352941,0.8823529411764706
CLARE-MI,0.15,0.85
CHIPPEWA-MI,0.1111111111111111,0.8888888888888888
JACKSON-IN,0.3181818181818182,0.6818181818181818
STEVENS-WA,0.08888888888888889,0.9111111111111111
CALHOUN-IL,0.3333333333333333,0.6666666666666666
CASS-MO,0.1,0.9
GOODHUE-MN,0.08823529411764706,0.9117647058823529
MIAMI-IN,0.08333333333333333,0.9166666666666666
SWITZERLAND-IN,0.2,0.8
ULSTER-NY,0.22033898305084745,0.7796610169491526
DARKE-OH,0.07407407407407407,0.9259259259259259
ORANGE-CA,0.2845714285714286,0.7154285714285714
SAN DIEGO-CA,0.19270833333333334,0.8072916666666666
JEFFERSON DAVIS-MS,0.16666666666666666,0.8333333333333334
SAN MIGUEL-CO,0.16666666666666666,0.8333333333333334
GRAFTON-NH,0.203125,0.796875
ATCHISON-KS,0.4,0.6
HOWARD-IA,0.2857142857142857,0.7142857142857143
ANOKA-MN,0.16666666666666666,0.8333333333333334
KOOCHICHING-MN,0.1,0.9
BOONE-AR,0.13043478260869565,0.8695652173913043
CLARK-IN,0.10810810810810811,0.8918918918918919
KENTON-KY,0.2698412698412698,0.7301587301587301
NEW YORK-NY,0.27165354330708663,0.7283464566929134
COSHOCTON-OH,0.5357142857142857,0.4642857142857143
SAN LUIS OBISPO-CA,0.18627450980392157,0.8137254901960784
BRADLEY-TN,0.1875,0.8125
HUMPHREYS-TN,0.2222222222222222,0.7777777777777778
PHELPS-MO,0.0625,0.9375
LA CROSSE-WI,0.3275862068965517,0.6724137931034483
STUTSMAN-ND,0.19047619047619047,0.8095238095238095
YANKTON-SD,0.23076923076923078,0.7692307692307693
GRAVES-KY,0.11764705882352941,0.8823529411764706
STEUBEN-NY,0.12195121951219512,0.8780487804878049
CLAY-FL,0.2602739726027397,0.7397260273972602
DALE-AL,0.058823529411764705,0.9411764705882353
STEUBEN-IN,0.1,0.9
JOHNSON-WY,0.16666666666666666,0.8333333333333334
CHRISTIAN-KY,0.20833333333333334,0.7916666666666666
PEORIA-IL,0.2376237623762376,0.7623762376237624
SANPETE-UT,0.058823529411764705,0.9411764705882353
UTAH-UT,0.07804878048780488,0.9219512195121952
MADISON-MS,0.15384615384615385,0.8461538461538461
GRUNDY-TN,0.2222222222222222,0.7777777777777778
BREVARD-FL,0.3298429319371728,0.6701570680628273
BOURBON-KS,0.3333333333333333,0.6666666666666666
HUDSON-NJ,0.19879518072289157,0.8012048192771084
CARVER-MN,0.22807017543859648,0.7719298245614035
ADAMS-IL,0.24242424242424243,0.7575757575757576
SCHENECTADY-NY,0.15217391304347827,0.8478260869565217
SUFFOLK-NY,0.14532019704433496,0.854679802955665
GREENE-GA,0.16666666666666666,0.8333333333333334
MONTGOMERY-MO,0.125,0.875
ORANGEBURG-SC,0.13157894736842105,0.868421052631579
BARTON-KS,0.16666666666666666,0.8333333333333334
BRANCH-MI,0.2,0.8
PICKENS-AL,0.1111111111111111,0.8888888888888888
NIAGARA-NY,0.14754098360655737,0.8524590163934426
PANOLA-MS,0.07142857142857142,0.9285714285714286
KEWAUNEE-WI,0.4117647058823529,0.5882352941176471
ELMORE-AL,0.21739130434782608,0.782608695652174
LYON-MN,0.19047619047619047,0.8095238095238095
HAMLIN-SD,0.09090909090909091,0.9090909090909091
WARREN-PA,0.5217391304347826,0.4782608695652174
JEFFERSON-WV,0.15789473684210525,0.8421052631578947
HILL-MT,0.05263157894736842,0.9473684210526315
SCHOHARIE-NY,0.15384615384615385,0.8461538461538461
RIVERSIDE-CA,0.15676567656765678,0.8432343234323433
TILLAMOOK-OR,0.2,0.8
LAGRANGE-IN,0.6904761904761905,0.30952380952380953
RALEIGH-WV,0.16666666666666666,0.8333333333333334
DEKALB-IL,0.10869565217391304,0.8913043478260869
GRUNDY-IL,0.038461538461538464,0.9615384615384616
NASSAU-NY,0.22604422604422605,0.773955773955774
JACKSON-MS,0.09803921568627451,0.9019607843137255
ROBERTSON-TN,0.125,0.875
CERRO GORDO-IA,0.1111111111111111,0.8888888888888888
VANDERBURGH-IN,0.2727272727272727,0.7272727272727273
VENANGO-PA,0.36,0.64
WYOMING-PA,0.2,0.8
MASON-WV,0.14285714285714285,0.8571428571428571
ST. CLAIR-IL,0.168141592920354,0.831858407079646
BRONX-NY,0.1217564870259481,0.8782435129740519
OKTIBBEHA-MS,0.2,0.8
CARTER-TN,0.047619047619047616,0.9523809523809523
COFFEE-TN,0.05263157894736842,0.9473684210526315
MARIES-MO,0.2,0.8
PIERCE-WI,0.13793103448275862,0.8620689655172413
LAPORTE-IN,0.18181818181818182,0.8181818181818182
NEWPORT-RI,0.21428571428571427,0.7857142857142857
CLEARFIELD-PA,0.34375,0.65625
BUREAU-IL,0.07692307692307693,0.9230769230769231
WINNEBAGO-WI,0.22535211267605634,0.7746478873239436
OAKLAND-MI,0.19832985386221294,0.8016701461377871
WARREN-NJ,0.1,0.9
MADISON-KY,0.07407407407407407,0.9259259259259259
BUTLER-PA,0.35,0.65
MEDINA-OH,0.1568627450980392,0.8431372549019608
FORREST-MS,0.16,0.84
PEND OREILLE-WA,0.1,0.9
THURSTON-WA,0.1717171717171717,0.8282828282828283
WASHINGTON-NY,0.07142857142857142,0.9285714285714286
JASPER-SC,0.2727272727272727,0.7272727272727273
CHARLESTON-SC,0.296,0.704
SAN MIGUEL-NM,0.08695652173913043,0.9130434782608695
WHITESIDE-IL,0.15789473684210525,0.8421052631578947
HOLMES-OH,0.8448275862068966,0.15517241379310345
HARDIN-OH,0.4090909090909091,0.5909090909090909
LEFLORE-MS,0.2,0.8
JEFFERSON-WI,0.41509433962264153,0.5849056603773585
FAYETTE-IA,0.10526315789473684,0.8947368421052632
DAWES-NE,0.2222222222222222,0.7777777777777778
SARPY-NE,0.06944444444444445,0.9305555555555556
WASHINGTON-PA,0.18571428571428572,0.8142857142857143
BERKELEY-WV,0.10526315789473684,0.8947368421052632
THOMAS-GA,0.07142857142857142,0.9285714285714286
CLAYTON-GA,0.10666666666666667,0.8933333333333333
LEE-SC,0.1111111111111111,0.8888888888888888
HAMPTON-SC,0.09090909090909091,0.9090909090909091
LACKAWANNA-PA,0.323943661971831,0.676056338028169
HANCOCK-WV,0.2727272727272727,0.7272727272727273
HANCOCK-OH,0.02631578947368421,0.9736842105263158
PICKAWAY-OH,0.09523809523809523,0.9047619047619048
HOWELL-MO,0.0625,0.9375
CARROLL-NH,0.11538461538461539,0.8846153846153846
IOWA-IA,0.1,0.9
UNION-AR,0.1,0.9
VIGO-IN,0.17142857142857143,0.8285714285714286
DAWSON-NE,0.047619047619047616,0.9523809523809523
ALLEGANY-NY,0.20833333333333334,0.7916666666666666
CARROLL-MS,0.3333333333333333,0.6666666666666666
MALHEUR-OR,0.07692307692307693,0.9230769230769231
HAMILTON-IA,0.1,0.9
